experiment,gene.set,pathway,contrast,fgsea.FDR,fgsea.ES,fgsea.NES,fgsea.size,fgsea.FC,gage.FDR,gage.geomean,gage.statmean,gage.size,gage.FC
P259_1,HALLMARK,ADIPOGENESIS,EOS.supp_HRV - EOS.supp_none,1,0.17318043073530132,0.7204368527624119,182,up,0.8556674241906149,0.3764936666438705,0.31495784422593254,182,up
P259_1,HALLMARK,ADIPOGENESIS,EOS.supp_HRV - none_HRV,0.3496503496503497,0.31581643109358726,1.2395890375516587,182,up,0.588577237460236,0.03514990757672152,1.8154191309107761,182,up
P259_1,HALLMARK,ADIPOGENESIS,EOS.supp_none - none_none,1,0.17830956554918684,0.6901845431248332,182,up,0.8949087204836433,0.6467724371829111,0.3769458417357949,182,down
P259_1,HALLMARK,ADIPOGENESIS,none_HRV - none_none,0.8313309045810403,-0.24116766401638884,-0.9407385908382575,182,down,0.8221861879197853,0.24665585637593548,-0.6857773346037833,182,down
P259_1,HALLMARK,ALLOGRAFT_REJECTION,EOS.supp_HRV - EOS.supp_none,0.728416192333718,-0.2533648557777903,-0.9830924267071568,184,down,0.8529938160218105,0.33361479908369873,0.4303109249290423,184,up
P259_1,HALLMARK,ALLOGRAFT_REJECTION,EOS.supp_HRV - none_HRV,0.5027422303473492,-0.2849760312209891,-1.0910454635847293,184,down,0.6993117842475322,0.11895397247729392,-1.1821651415287766,184,down
P259_1,HALLMARK,ALLOGRAFT_REJECTION,EOS.supp_none - none_none,0.8665644171779141,0.2683618206656185,1.0398011832799128,184,up,0.9082352257483106,0.8174117031734796,0.9067011363330043,184,down
P259_1,HALLMARK,ALLOGRAFT_REJECTION,none_HRV - none_none,0.020924207126237625,0.3456159345490235,1.4590524818762174,184,up,0.31361588357016035,0.06272317671403205,1.536055910954424,184,up
P259_1,HALLMARK,ANDROGEN_RESPONSE,EOS.supp_HRV - EOS.supp_none,0.728416192333718,0.2575658615913826,0.9634078226306082,92,up,0.4193792706256776,0.10903861036267613,1.2364564481375078,92,up
P259_1,HALLMARK,ANDROGEN_RESPONSE,EOS.supp_HRV - none_HRV,1,0.20449000697682984,0.7297105621136686,92,up,0.8091949592079064,0.46933307634058574,0.0770554161164393,92,up
P259_1,HALLMARK,ANDROGEN_RESPONSE,EOS.supp_none - none_none,0.28839866533424496,-0.42531979150385985,-1.3898925243723148,92,down,0.8949087204836433,0.05985128572714388,-1.5633778584281943,92,down
P259_1,HALLMARK,ANDROGEN_RESPONSE,none_HRV - none_none,1,-0.21712292416832363,-0.7711821316193491,92,down,0.8727290796881405,0.5441917976990936,-0.11116453605422683,92,up
P259_1,HALLMARK,ANGIOGENESIS,EOS.supp_HRV - EOS.supp_none,0.864297253634895,-0.31189352140102733,-0.8692549788345598,27,down,0.9039175658334229,0.5286673672494193,-0.07227445064058248,27,up
P259_1,HALLMARK,ANGIOGENESIS,EOS.supp_HRV - none_HRV,1,0.2662044822557236,0.7522470215907411,27,up,0.8091949592079064,0.3467179185707517,0.39640972125882196,27,up
P259_1,HALLMARK,ANGIOGENESIS,EOS.supp_none - none_none,0.8665644171779141,-0.4523203101719883,-1.192568430448499,27,down,0.8949087204836433,0.18419361123291078,-0.9074506737198746,27,down
P259_1,HALLMARK,ANGIOGENESIS,none_HRV - none_none,0.4654300168634064,-0.4165362098520328,-1.1887863530966254,27,down,0.8221861879197853,0.19818805378820542,-0.855300666550899,27,down
P259_1,HALLMARK,APICAL_JUNCTION,EOS.supp_HRV - EOS.supp_none,0.4112118160456529,-0.3060353255918892,-1.1645042534784873,156,down,0.9039175658334229,0.7176282520066168,-0.5764474631797879,156,up
P259_1,HALLMARK,APICAL_JUNCTION,EOS.supp_HRV - none_HRV,0.37167449139280123,0.30759011661624047,1.1819195179347268,156,up,0.588577237460236,0.11377733484202203,1.2091237273520823,156,up
P259_1,HALLMARK,APICAL_JUNCTION,EOS.supp_none - none_none,0.8665644171779141,0.27990403388751584,1.0600043670032584,156,up,0.8949087204836433,0.7640906283072091,0.7204046857613605,156,down
P259_1,HALLMARK,APICAL_JUNCTION,none_HRV - none_none,0.26057401812688824,-0.31310978612267465,-1.2046467714466675,156,down,0.8221861879197853,0.1873582788329653,-0.8889752276048349,156,down
P259_1,HALLMARK,APICAL_SURFACE,EOS.supp_HRV - EOS.supp_none,0.626824660827752,-0.38063871248368436,-1.086704108175201,31,down,0.9039175658334229,0.7212740542565999,-0.5901040008831683,31,up
P259_1,HALLMARK,APICAL_SURFACE,EOS.supp_HRV - none_HRV,0.37167449139280123,0.45773255909246946,1.335514832706642,31,up,0.588577237460236,0.10215164506421877,1.2836218384754663,31,up
P259_1,HALLMARK,APICAL_SURFACE,EOS.supp_none - none_none,0.6399069226294357,-0.49346710644841435,-1.329229792059077,31,down,0.8949087204836433,0.1635362143476494,-0.9881045813391325,31,down
P259_1,HALLMARK,APICAL_SURFACE,none_HRV - none_none,0.06245018514185674,-0.5353081168771463,-1.5820232883850274,31,down,0.5247650172636781,0.034560393729534414,-1.8539239844126152,31,down
P259_1,HALLMARK,APOPTOSIS,EOS.supp_HRV - EOS.supp_none,0.06714692993688529,0.35346735593893636,1.4276757872901418,154,up,0.16993000414076442,0.02718880066252231,1.9313949609782204,154,up
P259_1,HALLMARK,APOPTOSIS,EOS.supp_HRV - none_HRV,1,-0.23034947256568095,-0.863969787190718,154,down,0.8851659151277309,0.6019128222868569,-0.258526619755375,154,up
P259_1,HALLMARK,APOPTOSIS,EOS.supp_none - none_none,1,-0.20006545033964349,-0.698187021954516,154,down,0.8949087204836433,0.5569195810673585,0.1432867049139195,154,down
P259_1,HALLMARK,APOPTOSIS,none_HRV - none_none,0.020924207126237625,0.37215065963999927,1.525037789407642,154,up,0.15505904133575688,0.024809446613721104,1.9714325389003438,154,up
P259_1,HALLMARK,BILE_ACID_METABOLISM,EOS.supp_HRV - EOS.supp_none,0.1016745731401173,-0.41379907896609047,-1.462880574216433,89,down,0.9048994797610389,0.05429396878566235,-1.6127689892285837,89,down
P259_1,HALLMARK,BILE_ACID_METABOLISM,EOS.supp_HRV - none_HRV,0.9513132607303012,0.25995756034143613,0.9189700635001176,89,up,0.7525437319068913,0.2859666181246187,0.5662783089038824,89,up
P259_1,HALLMARK,BILE_ACID_METABOLISM,EOS.supp_none - none_none,0.6399069226294357,0.3593238668757111,1.254400934116738,89,up,0.9156617814586476,0.11929089973987086,1.1825572962393607,89,up
P259_1,HALLMARK,BILE_ACID_METABOLISM,none_HRV - none_none,0.364656381486676,-0.3316241817320979,-1.1759845642487086,89,down,0.8221861879197853,0.1503357996311459,-1.0380540827585627,89,down
P259_1,HALLMARK,CHOLESTEROL_HOMEOSTASIS,EOS.supp_HRV - EOS.supp_none,0.864297253634895,-0.2618419332194877,-0.8799503873189402,68,down,0.9039175658334229,0.6310234708455347,-0.3352647862973441,68,up
P259_1,HALLMARK,CHOLESTEROL_HOMEOSTASIS,EOS.supp_HRV - none_HRV,0.7977048492057938,0.28957123263818996,0.9792995878345776,68,up,0.7455547799492028,0.18953116622199132,0.8827627156266405,68,up
P259_1,HALLMARK,CHOLESTEROL_HOMEOSTASIS,EOS.supp_none - none_none,1,-0.19935286197753468,-0.6175302233905149,68,down,0.8949087204836433,0.5647284569534576,0.16330853999558184,68,down
P259_1,HALLMARK,CHOLESTEROL_HOMEOSTASIS,none_HRV - none_none,0.7310438626317579,-0.28911012558885396,-0.9819678943886191,68,down,0.8221861879197853,0.23268500869829803,-0.7321310276764887,68,down
P259_1,HALLMARK,COAGULATION,EOS.supp_HRV - EOS.supp_none,0.626824660827752,-0.2960306560632321,-1.055107800872017,100,down,0.9039175658334229,0.5764932494011725,-0.1931880164022201,100,up
P259_1,HALLMARK,COAGULATION,EOS.supp_HRV - none_HRV,0.3496503496503497,0.3518776887596362,1.2758177573454235,100,up,0.588577237460236,0.10547390014957589,1.25530095793121,100,up
P259_1,HALLMARK,COAGULATION,EOS.supp_none - none_none,0.9148084619782734,-0.29689088764412835,-0.984362163437029,100,down,0.8949087204836433,0.288149606798366,-0.5597964398479457,100,down
P259_1,HALLMARK,COAGULATION,none_HRV - none_none,0.12993503248375812,-0.3811832948411625,-1.383826818895391,100,down,0.5486716440095248,0.06584059728114297,-1.5138251723703804,100,down
P259_1,HALLMARK,COMPLEMENT,EOS.supp_HRV - EOS.supp_none,0.23264888468869457,0.3143442250989702,1.2981764895716756,172,up,0.22867582707075557,0.04116164887273599,1.742480475345398,172,up
P259_1,HALLMARK,COMPLEMENT,EOS.supp_HRV - none_HRV,1,0.22050444009942952,0.8574051051632087,172,up,0.8851659151277309,0.5941952852531555,-0.23853449158269668,172,up
P259_1,HALLMARK,COMPLEMENT,EOS.supp_none - none_none,1,-0.24041425039138925,-0.8455507105582399,172,down,0.8949087204836433,0.36735886216655533,-0.3391337997089025,172,down
P259_1,HALLMARK,COMPLEMENT,none_HRV - none_none,0.1668335001668335,0.28889597434324743,1.208189040701936,172,up,0.3061372821608112,0.055104710788946035,1.6014144752533577,172,up
P259_1,HALLMARK,DNA_REPAIR,EOS.supp_HRV - EOS.supp_none,1,0.16144727973624215,0.6489052047239997,144,up,0.8529938160218105,0.29534991030702484,0.5385436729216008,144,up
P259_1,HALLMARK,DNA_REPAIR,EOS.supp_HRV - none_HRV,1,0.19130813583435263,0.7249839808512896,144,up,0.7490057788573262,0.26822489112099734,0.6191527377875075,144,up
P259_1,HALLMARK,DNA_REPAIR,EOS.supp_none - none_none,1,0.11566893175295045,0.4304326299296582,144,up,0.8949087204836433,0.6173258455813128,0.29880215548158445,144,down
P259_1,HALLMARK,DNA_REPAIR,none_HRV - none_none,1,-0.1545453575864129,-0.5878688784460091,144,down,0.752280984729745,0.3747389284485817,0.3196859778376625,144,up
P259_1,HALLMARK,E2F_TARGETS,EOS.supp_HRV - EOS.supp_none,0.9862956810631229,-0.21908345400900353,-0.8597033233776309,200,down,0.9039175658334229,0.7518429586040309,-0.6810634004677228,200,up
P259_1,HALLMARK,E2F_TARGETS,EOS.supp_HRV - none_HRV,0.4117833386126069,0.28140203839956834,1.1132476015194868,200,up,0.588577237460236,0.07310081101095194,1.4560171372131951,200,up
P259_1,HALLMARK,E2F_TARGETS,EOS.supp_none - none_none,0.28839866533424496,0.3263046642810945,1.2720362472516331,200,up,0.4496358391423395,0.01798543356569357,2.105336352933899,200,up
P259_1,HALLMARK,E2F_TARGETS,none_HRV - none_none,1,-0.2009234909287301,-0.7921744598571039,200,down,0.8779385833143175,0.5794394649874496,-0.2006176543989983,200,up
P259_1,HALLMARK,EPITHELIAL_MESENCHYMAL_TRANSITION,EOS.supp_HRV - EOS.supp_none,0.005899138661069894,-0.4166691919474232,-1.589632968958602,158,down,0.9048994797610389,0.040016301703596734,-1.7564942836326602,158,down
P259_1,HALLMARK,EPITHELIAL_MESENCHYMAL_TRANSITION,EOS.supp_HRV - none_HRV,0.17810974782093122,-0.37243280217907343,-1.3967465274988542,158,down,0.6993117842475322,0.12587612116455565,-1.1483715847497231,158,down
P259_1,HALLMARK,EPITHELIAL_MESENCHYMAL_TRANSITION,EOS.supp_none - none_none,0.8665644171779141,-0.3021457775793267,-1.0561276877275934,158,down,0.8949087204836433,0.4495787771170152,-0.1268382043572581,158,down
P259_1,HALLMARK,EPITHELIAL_MESENCHYMAL_TRANSITION,none_HRV - none_none,0.12993503248375812,-0.33889400451883545,-1.3016629426373982,158,down,0.8221861879197853,0.15718316696388476,-1.0077789197336064,158,down
P259_1,HALLMARK,ESTROGEN_RESPONSE_EARLY,EOS.supp_HRV - EOS.supp_none,0.572289156626506,-0.2802203273824065,-1.0752096760160035,168,down,0.9039175658334229,0.6126016024268558,-0.28634348264184323,168,up
P259_1,HALLMARK,ESTROGEN_RESPONSE_EARLY,EOS.supp_HRV - none_HRV,0.3456221198156682,-0.3385221243615511,-1.279108792505098,168,down,0.9008061876274012,0.22650612679916254,-0.7513202510500181,168,down
P259_1,HALLMARK,ESTROGEN_RESPONSE_EARLY,EOS.supp_none - none_none,0.9148084619782734,-0.28881568538104674,-1.0152824893722412,168,down,0.8949087204836433,0.45406254758081627,-0.11549256776405596,168,down
P259_1,HALLMARK,ESTROGEN_RESPONSE_EARLY,none_HRV - none_none,0.6633411165357674,-0.26710393673474087,-1.0344377743387927,168,down,0.8388398100761228,0.4361967012395839,0.1607446379131267,168,up
P259_1,HALLMARK,ESTROGEN_RESPONSE_LATE,EOS.supp_HRV - EOS.supp_none,0.7171352583586625,0.24214510746404505,0.9844337403441483,162,up,0.9039175658334229,0.494934895533476,0.012706705826483948,162,up
P259_1,HALLMARK,ESTROGEN_RESPONSE_LATE,EOS.supp_HRV - none_HRV,0.37167449139280123,-0.3221974603451863,-1.214627640034058,162,down,0.7228395072981861,0.15902469160560093,-1.0000665039580425,162,down
P259_1,HALLMARK,ESTROGEN_RESPONSE_LATE,EOS.supp_none - none_none,0.8665644171779141,-0.3221610591685403,-1.1274113654333955,162,down,0.8949087204836433,0.31394739974332886,-0.4851599159221136,162,down
P259_1,HALLMARK,ESTROGEN_RESPONSE_LATE,none_HRV - none_none,0.2528844634107792,0.28724858811064047,1.1840154873187754,162,up,0.752280984729745,0.35816477007076875,0.3636901053984127,162,up
P259_1,HALLMARK,FATTY_ACID_METABOLISM,EOS.supp_HRV - EOS.supp_none,0.6295149638802889,-0.2766165130782903,-1.0392356073216225,137,down,0.9247530310270193,0.7952876066832366,-0.8263706743882676,137,up
P259_1,HALLMARK,FATTY_ACID_METABOLISM,EOS.supp_HRV - none_HRV,1,-0.19606758614358485,-0.7289385919700095,137,down,0.8851659151277309,0.5741386271495916,-0.18711139282559905,137,up
P259_1,HALLMARK,FATTY_ACID_METABOLISM,EOS.supp_none - none_none,1,0.1981185830945116,0.7377131235340721,137,up,0.8949087204836433,0.7696214996159332,0.7388001799739852,137,down
P259_1,HALLMARK,FATTY_ACID_METABOLISM,none_HRV - none_none,1,-0.20622132925748313,-0.7805599501011539,137,down,0.8727290796881405,0.5585466110004099,-0.14745121143274154,137,up
P259_1,HALLMARK,G2M_CHECKPOINT,EOS.supp_HRV - EOS.supp_none,0.572289156626506,-0.27787370303652764,-1.0861161608854026,196,down,0.9039175658334229,0.7592907553000752,-0.7047438871994622,196,up
P259_1,HALLMARK,G2M_CHECKPOINT,EOS.supp_HRV - none_HRV,1,0.2063245120538832,0.8202177845996037,196,up,0.7641851841737759,0.3056740736695103,0.5085638824397948,196,up
P259_1,HALLMARK,G2M_CHECKPOINT,EOS.supp_none - none_none,0.26534375990581255,0.34081159653882237,1.3318714910465261,196,up,0.4496358391423395,0.011320638501605668,2.289423028402544,196,up
P259_1,HALLMARK,G2M_CHECKPOINT,none_HRV - none_none,1,-0.17704115551208993,-0.697562677272674,196,down,0.752280984729745,0.29722580767115225,0.532883851779488,196,up
P259_1,HALLMARK,GLYCOLYSIS,EOS.supp_HRV - EOS.supp_none,0.6295149638802889,-0.26868524716309494,-1.0364979756087,175,down,0.9039175658334229,0.751417784338395,-0.6796814707412321,175,up
P259_1,HALLMARK,GLYCOLYSIS,EOS.supp_HRV - none_HRV,0.37167449139280123,-0.306159571552533,-1.1646206655120466,175,down,0.7228395072981861,0.1510799950032837,-1.0333636592275892,175,down
P259_1,HALLMARK,GLYCOLYSIS,EOS.supp_none - none_none,1,0.2283397317730418,0.8815956164532699,175,up,0.8949087204836433,0.755425542594895,0.6924023198203502,175,down
P259_1,HALLMARK,GLYCOLYSIS,none_HRV - none_none,0.977900977900978,0.21478698920651135,0.9021254671004706,175,up,0.752280984729745,0.30704960367434336,0.5046867756858678,175,up
P259_1,HALLMARK,HEDGEHOG_SIGNALING,EOS.supp_HRV - EOS.supp_none,0.728416192333718,-0.3466481495993123,-0.978794010990003,29,down,0.9039175658334229,0.7241791097906789,-0.5989550830998444,29,up
P259_1,HALLMARK,HEDGEHOG_SIGNALING,EOS.supp_HRV - none_HRV,0.37167449139280123,-0.4715669358991373,-1.317774887411098,29,down,0.9008061876274012,0.23686185440793578,-0.7214662439968386,29,down
P259_1,HALLMARK,HEDGEHOG_SIGNALING,EOS.supp_none - none_none,0.9148084619782734,0.3436161021100389,0.9707901772679787,29,up,0.8949087204836433,0.696322446972346,0.5169264719982947,29,down
P259_1,HALLMARK,HEDGEHOG_SIGNALING,none_HRV - none_none,0.6142728093947607,0.3639723338364052,1.0951422718958095,29,up,0.752280984729745,0.36856699302129226,0.33732706550074687,29,up
P259_1,HALLMARK,HEME_METABOLISM,EOS.supp_HRV - EOS.supp_none,0.5714285714285714,0.26009249532303746,1.0743460929628599,184,up,0.41837483708046364,0.10040996089931131,1.2815367565673974,184,up
P259_1,HALLMARK,HEME_METABOLISM,EOS.supp_HRV - none_HRV,0.5085403726708075,0.27076023749459277,1.0630510227712033,184,up,0.588577237460236,0.12441679664368345,1.1550539573781617,184,up
P259_1,HALLMARK,HEME_METABOLISM,EOS.supp_none - none_none,1,0.21297098782281063,0.8251825263116551,184,up,0.8949087204836433,0.6694106824528464,0.43865932750083486,184,down
P259_1,HALLMARK,HEME_METABOLISM,none_HRV - none_none,0.7310438626317579,0.23507009885810007,0.9923721011339803,184,up,0.752280984729745,0.23516359248355412,0.7226985067109812,184,up
P259_1,HALLMARK,HYPOXIA,EOS.supp_HRV - EOS.supp_none,0.280688622754491,0.28665397725201747,1.1846952283570475,173,up,0.41837483708046364,0.0838522031584139,1.3825365384500548,173,up
P259_1,HALLMARK,HYPOXIA,EOS.supp_HRV - none_HRV,0.5085403726708075,0.2755662775293137,1.0740027793255715,173,up,0.7455547799492028,0.2191846188466705,0.7758594518309259,173,up
P259_1,HALLMARK,HYPOXIA,EOS.supp_none - none_none,1,-0.25399099489588084,-0.8922779785139825,173,down,0.8949087204836433,0.45724944427507735,-0.10744462972529466,173,down
P259_1,HALLMARK,HYPOXIA,none_HRV - none_none,0.7044956140350878,0.24326574023729786,1.0207754820685486,173,up,0.752280984729745,0.25847367948470873,0.6487348153959202,173,up
P259_1,HALLMARK,IL2_STAT5_SIGNALING,EOS.supp_HRV - EOS.supp_none,0.728416192333718,-0.250607661871782,-0.9739062494509741,187,down,0.8529938160218105,0.3145426852296373,0.48341856388048493,187,up
P259_1,HALLMARK,IL2_STAT5_SIGNALING,EOS.supp_HRV - none_HRV,0.36585365853658536,-0.3199131280095002,-1.2279958923488465,187,down,0.6993117842475322,0.10738184956262359,-1.2427023034527813,187,down
P259_1,HALLMARK,IL2_STAT5_SIGNALING,EOS.supp_none - none_none,1,-0.2618906917833213,-0.9300911262927388,187,down,0.8949087204836433,0.2721759521475665,-0.6068113430229269,187,down
P259_1,HALLMARK,IL2_STAT5_SIGNALING,none_HRV - none_none,0.2805351747949935,0.27070170595945175,1.1503781642299162,187,up,0.752280984729745,0.19845922592292786,0.8481403032399074,187,up
P259_1,HALLMARK,IL6_JAK_STAT3_SIGNALING,EOS.supp_HRV - EOS.supp_none,6.67372178136261e-4,0.5119212376176154,1.895894365838259,82,up,0.046242829441286326,0.0046242829441286324,2.6372539907495653,82,up
P259_1,HALLMARK,IL6_JAK_STAT3_SIGNALING,EOS.supp_HRV - none_HRV,1,0.19637879062708852,0.6857138272548025,82,up,0.8091949592079064,0.43957831739865894,0.15228792105834704,82,up
P259_1,HALLMARK,IL6_JAK_STAT3_SIGNALING,EOS.supp_none - none_none,0.9148084619782734,-0.30717938015674806,-0.9813291599801032,82,down,0.8949087204836433,0.2911590670091347,-0.551115962154331,82,down
P259_1,HALLMARK,IL6_JAK_STAT3_SIGNALING,none_HRV - none_none,0.020924207126237625,0.45570322633392896,1.690831896452392,82,up,0.1252156635798809,0.01566779332860186,2.172945327228653,82,up
P259_1,HALLMARK,INFLAMMATORY_RESPONSE,EOS.supp_HRV - EOS.supp_none,2.858423936693361e-4,0.43401147743575763,1.790333935513097,177,up,0.01312231342260256,0.0010497850738082077,3.1004595872889116,177,up
P259_1,HALLMARK,INFLAMMATORY_RESPONSE,EOS.supp_HRV - none_HRV,0.37167449139280123,-0.31014753911665505,-1.1809251399148166,177,down,0.6993117842475322,0.12385780429919487,-1.1578372520079603,177,down
P259_1,HALLMARK,INFLAMMATORY_RESPONSE,EOS.supp_none - none_none,0.8665644171779141,-0.31223949358980796,-1.100368155575439,177,down,0.8949087204836433,0.17434627640839784,-0.9384230113298969,177,down
P259_1,HALLMARK,INFLAMMATORY_RESPONSE,none_HRV - none_none,0.0014599916590489835,0.41001205372319127,1.722786280382117,177,up,0.012394992306709155,9.915993845367324e-4,3.116922030706684,177,up
P259_1,HALLMARK,INTERFERON_ALPHA_RESPONSE,EOS.supp_HRV - EOS.supp_none,7.536888605114149e-25,0.7984263986152651,3.0325295033187287,97,up,5.3300243593883124e-17,2.1320097437553287e-18,9.640577034293477,97,up
P259_1,HALLMARK,INTERFERON_ALPHA_RESPONSE,EOS.supp_HRV - none_HRV,0.0055332878478025595,-0.5105813232233827,-1.7931451948796624,97,down,0.054442904350051856,0.001088858087001038,-3.1241147928905493,97,down
P259_1,HALLMARK,INTERFERON_ALPHA_RESPONSE,EOS.supp_none - none_none,0.0017188577849645296,-0.5506125161989651,-1.8203848422012272,97,down,0.008598889037106412,1.9974272130537961e-4,-3.6138976408964005,97,down
P259_1,HALLMARK,INTERFERON_ALPHA_RESPONSE,none_HRV - none_none,9.21040288886837e-22,0.7835260920908149,2.9859394634927843,97,up,8.187868567525341e-17,3.2751474270101285e-18,9.543188593489255,97,up
P259_1,HALLMARK,INTERFERON_GAMMA_RESPONSE,EOS.supp_HRV - EOS.supp_none,7.560743547586438e-34,0.7327436945705792,3.058430679422499,198,up,1.843700649680456e-20,3.687401299360885e-22,10.225877139048306,198,up
P259_1,HALLMARK,INTERFERON_GAMMA_RESPONSE,EOS.supp_HRV - none_HRV,0.09801258348467856,-0.36703280374257136,-1.4168498321192522,198,down,0.1292808084819028,0.005171232339276113,-2.577919351455258,198,down
P259_1,HALLMARK,INTERFERON_GAMMA_RESPONSE,EOS.supp_none - none_none,0.0017188577849645296,-0.4496156517999196,-1.604717351458283,198,down,0.008598889037106412,3.4395556148425607e-4,-3.4230665891014627,198,down
P259_1,HALLMARK,INTERFERON_GAMMA_RESPONSE,none_HRV - none_none,2.8079238641907995e-26,0.6793355838940668,2.8954629596851933,198,up,5.24101976261922e-18,1.0482039525238251e-19,9.503058001379133,198,up
P259_1,HALLMARK,KRAS_SIGNALING_DN,EOS.supp_HRV - EOS.supp_none,0.4112118160456529,0.30219964741705246,1.165730813232987,106,up,0.8735398623502445,0.4018283366811125,0.2489736994810868,106,up
P259_1,HALLMARK,KRAS_SIGNALING_DN,EOS.supp_HRV - none_HRV,0.09801258348467856,-0.41281896217053554,-1.470936748292335,106,down,0.6940073527002689,0.0416404411620161,-1.7404357497101,106,down
P259_1,HALLMARK,KRAS_SIGNALING_DN,EOS.supp_none - none_none,0.4593175853018373,-0.3936859304231232,-1.3096453573793931,106,down,0.8949087204836433,0.08515486619807022,-1.376178657834845,106,down
P259_1,HALLMARK,KRAS_SIGNALING_DN,none_HRV - none_none,0.7310438626317579,0.25345923822783656,0.97316062963313,106,up,0.752280984729745,0.33332635103369906,0.43135865254296696,106,up
P259_1,HALLMARK,KRAS_SIGNALING_UP,EOS.supp_HRV - EOS.supp_none,0.572289156626506,-0.28090617398559314,-1.076843670505832,162,down,0.9039175658334229,0.5471690212742765,-0.1186106374176674,162,up
P259_1,HALLMARK,KRAS_SIGNALING_UP,EOS.supp_HRV - none_HRV,0.4117833386126069,0.29727703807972106,1.1473565117350468,162,up,0.7455547799492028,0.23857752958374492,0.7117394960546963,162,up
P259_1,HALLMARK,KRAS_SIGNALING_UP,EOS.supp_none - none_none,0.8665644171779141,-0.30300889560893174,-1.0603878495389873,162,down,0.8949087204836433,0.35442545956638544,-0.37374250394327596,162,down
P259_1,HALLMARK,KRAS_SIGNALING_UP,none_HRV - none_none,0.1668335001668335,-0.3302708917553432,-1.2713194237388374,162,down,0.8221861879197853,0.21644460936961463,-0.7853142216545751,162,down
P259_1,HALLMARK,MITOTIC_SPINDLE,EOS.supp_HRV - EOS.supp_none,0.936855578468321,-0.22588714863421178,-0.8863084578630442,199,down,0.9039175658334229,0.6152988555544089,-0.29336891340010973,199,up
P259_1,HALLMARK,MITOTIC_SPINDLE,EOS.supp_HRV - none_HRV,1,-0.22143334384557778,-0.8556893795056881,199,down,0.8091949592079064,0.3582346444915583,0.36344512205944096,199,up
P259_1,HALLMARK,MITOTIC_SPINDLE,EOS.supp_none - none_none,1,0.20435338353347818,0.7987038994246236,199,up,0.8949087204836433,0.7531418741909385,0.6850782251842473,199,down
P259_1,HALLMARK,MITOTIC_SPINDLE,none_HRV - none_none,0.8313309045810403,-0.23787367372183205,-0.9379093267554408,199,down,0.8727290796881405,0.5217935210967508,-0.054692750544096114,199,up
P259_1,HALLMARK,MTORC1_SIGNALING,EOS.supp_HRV - EOS.supp_none,1,-0.153648224362342,-0.6021693874045476,197,down,0.7677254769225355,0.2456721526152113,0.6889114473807512,197,up
P259_1,HALLMARK,MTORC1_SIGNALING,EOS.supp_HRV - none_HRV,1,0.1752253249550106,0.6965412797919767,197,up,0.7490057788573262,0.2696420803886374,0.614565200365122,197,up
P259_1,HALLMARK,MTORC1_SIGNALING,EOS.supp_none - none_none,1,0.23144754382278396,0.9055649160799202,197,up,0.9156617814586476,0.11294689216187423,1.2133735882305716,197,up
P259_1,HALLMARK,MTORC1_SIGNALING,none_HRV - none_none,1,0.17146141467764486,0.7312772022626532,197,up,0.6075749674643154,0.1458179921914357,1.0561413851344572,197,up
P259_1,HALLMARK,MYC_TARGETS_V1,EOS.supp_HRV - EOS.supp_none,1,-0.18391571495985082,-0.7217019290094767,200,down,0.9039175658334229,0.48186011531558604,0.045534668031285995,200,up
P259_1,HALLMARK,MYC_TARGETS_V1,EOS.supp_HRV - none_HRV,1,0.151559117224233,0.5995792521542265,200,up,0.8091949592079064,0.42796465386176963,0.1817461658138122,200,up
P259_1,HALLMARK,MYC_TARGETS_V1,EOS.supp_none - none_none,1,0.19586123035298242,0.7635274996427021,200,up,0.8949087204836433,0.5790621838709211,0.19972416884098243,200,down
P259_1,HALLMARK,MYC_TARGETS_V1,none_HRV - none_none,1,-0.150719429798281,-0.5942365541158905,200,down,0.8727290796881405,0.47747294405521096,0.05655242503228188,200,up
P259_1,HALLMARK,MYC_TARGETS_V2,EOS.supp_HRV - EOS.supp_none,0.4256965944272446,-0.36896577745858644,-1.21203571038841,58,down,0.9412391599779439,0.11526515473076984,-1.207811821006614,58,down
P259_1,HALLMARK,MYC_TARGETS_V2,EOS.supp_HRV - none_HRV,1,0.22535793088970013,0.7451654648100448,58,up,0.7455547799492028,0.23412839343324582,0.7283236619961068,58,up
P259_1,HALLMARK,MYC_TARGETS_V2,EOS.supp_none - none_none,1,0.23437309734043493,0.7604720721726603,58,up,0.9082352257483106,0.800276568842505,0.8472178342288517,58,down
P259_1,HALLMARK,MYC_TARGETS_V2,none_HRV - none_none,0.46820010055304173,-0.3413705684772809,-1.1393562908973827,58,down,0.8221861879197853,0.15560253940799051,-1.018229597510397,58,down
P259_1,HALLMARK,MYOGENESIS,EOS.supp_HRV - EOS.supp_none,0.1309880239520958,-0.3500948397721673,-1.3249717988311935,147,down,0.9412391599779439,0.08433489189718948,-1.3800169134098101,147,down
P259_1,HALLMARK,MYOGENESIS,EOS.supp_HRV - none_HRV,0.21103727658727311,0.3577248346925512,1.3584022467306294,147,up,0.588577237460236,0.06168613138213721,1.5453221013911738,147,up
P259_1,HALLMARK,MYOGENESIS,EOS.supp_none - none_none,1,-0.27518523830264435,-0.9562012582372517,147,down,0.8949087204836433,0.6135505677568986,0.2888644113826166,147,down
P259_1,HALLMARK,MYOGENESIS,none_HRV - none_none,0.02106845047330996,-0.3862980535185873,-1.4722499410461911,147,down,0.5247650172636781,0.02019292285485624,-2.0593000514158595,147,down
P259_1,HALLMARK,NOTCH_SIGNALING,EOS.supp_HRV - EOS.supp_none,0.23479980227385072,-0.49555060759556907,-1.4127513817925692,30,down,0.930190127733487,0.8185673124054684,-0.917175601907924,30,up
P259_1,HALLMARK,NOTCH_SIGNALING,EOS.supp_HRV - none_HRV,0.6886792452830189,-0.3686134382799973,-1.0339029374299717,30,down,0.836434251882486,0.5085783964675721,-0.021603198856570482,30,up
P259_1,HALLMARK,NOTCH_SIGNALING,EOS.supp_none - none_none,0.6399069226294357,-0.48894001732027853,-1.31243302522388,30,down,0.8949087204836433,0.09152743042162226,-1.3478201323194663,30,down
P259_1,HALLMARK,NOTCH_SIGNALING,none_HRV - none_none,0.0605007376151553,-0.5446119023803915,-1.598856377984809,30,down,0.5247650172636781,0.04198120138109423,-1.7583623400336665,30,down
P259_1,HALLMARK,OXIDATIVE_PHOSPHORYLATION,EOS.supp_HRV - EOS.supp_none,1,-0.13243024154173455,-0.519013075185056,197,down,0.9039175658334229,0.4885213185375248,0.028805085091826565,197,up
P259_1,HALLMARK,OXIDATIVE_PHOSPHORYLATION,EOS.supp_HRV - none_HRV,1,-0.16219887220203552,-0.6257582956393506,197,down,0.9547722562033529,0.29263109758670414,-0.5463726033344877,197,down
P259_1,HALLMARK,OXIDATIVE_PHOSPHORYLATION,EOS.supp_none - none_none,1,-0.1297245049887237,-0.46143473195535345,197,down,0.8949087204836433,0.4890154555320764,-0.027565132754463654,197,down
P259_1,HALLMARK,OXIDATIVE_PHOSPHORYLATION,none_HRV - none_none,1,-0.09512954569649243,-0.37455983451078245,197,down,0.752280984729745,0.36074150430318114,0.35682904418767425,197,up
P259_1,HALLMARK,P53_PATHWAY,EOS.supp_HRV - EOS.supp_none,0.6295149638802889,0.24600821395836175,1.0197173422791863,187,up,0.6707392075755416,0.18780697812115166,0.8870737075968076,187,up
P259_1,HALLMARK,P53_PATHWAY,EOS.supp_HRV - none_HRV,0.49915038232795245,0.27672128162212656,1.0881665706622174,187,up,0.588577237460236,0.1113245759370653,1.2215836844620764,187,up
P259_1,HALLMARK,P53_PATHWAY,EOS.supp_none - none_none,1,0.2075611180030027,0.8039757437189453,187,up,0.8949087204836433,0.6434446737905725,0.36796463798747886,187,down
P259_1,HALLMARK,P53_PATHWAY,none_HRV - none_none,1,0.20769595206156277,0.8826279361769308,187,up,0.752280984729745,0.3761404923648725,0.3158680630529835,187,up
P259_1,HALLMARK,PANCREAS_BETA_CELLS,EOS.supp_HRV - EOS.supp_none,0.07677985331949232,-0.6564817803329941,-1.6311976582375787,16,down,0.9048994797610389,0.031088415776935795,-1.94118091847688,16,down
P259_1,HALLMARK,PANCREAS_BETA_CELLS,EOS.supp_HRV - none_HRV,0.5085403726708075,0.46612814221745363,1.155296660999643,16,up,0.8091949592079064,0.39835534990142946,0.2600781105617622,16,up
P259_1,HALLMARK,PANCREAS_BETA_CELLS,EOS.supp_none - none_none,0.9148084619782734,-0.4242753843380856,-1.0055706192948775,16,down,0.8949087204836433,0.2937042425363035,-0.5508353868280006,16,down
P259_1,HALLMARK,PANCREAS_BETA_CELLS,none_HRV - none_none,0.003824165948702735,-0.74699375957321,-1.927933650974897,16,down,0.5247650172636781,0.030959096400217975,-1.9418015929194086,16,down
P259_1,HALLMARK,PEROXISOME,EOS.supp_HRV - EOS.supp_none,0.280688622754491,-0.35616495587712654,-1.2632379342796436,91,down,0.9412391599779439,0.10183550045470992,-1.2759599020509356,91,down
P259_1,HALLMARK,PEROXISOME,EOS.supp_HRV - none_HRV,0.5027422303473492,-0.32379322554394896,-1.1293309563873362,91,down,0.9547722562033529,0.30552712198507287,-0.5094694180798468,91,down
P259_1,HALLMARK,PEROXISOME,EOS.supp_none - none_none,1,0.23477982578705758,0.8258826925392423,91,up,0.8949087204836433,0.6696889020186735,0.43979045158457014,91,down
P259_1,HALLMARK,PEROXISOME,none_HRV - none_none,0.8313309045810403,-0.26207780823095167,-0.929074534142184,91,down,0.8848736495804054,0.28315956786572977,-0.5746439571873312,91,down
P259_1,HALLMARK,PI3K_AKT_MTOR_SIGNALING,EOS.supp_HRV - EOS.supp_none,0.9986225895316805,-0.2245449622139347,-0.7999361585106217,96,down,0.8529938160218105,0.35276832749122944,0.3784321793434106,96,up
P259_1,HALLMARK,PI3K_AKT_MTOR_SIGNALING,EOS.supp_HRV - none_HRV,0.4117833386126069,0.32061040342797803,1.157887721125977,96,up,0.588577237460236,0.12948699224125187,1.132615899179317,96,up
P259_1,HALLMARK,PI3K_AKT_MTOR_SIGNALING,EOS.supp_none - none_none,1,0.1845268544656059,0.6478102205752134,96,up,0.8949087204836433,0.6558432836123809,0.40187693276668984,96,down
P259_1,HALLMARK,PI3K_AKT_MTOR_SIGNALING,none_HRV - none_none,0.7159965346786933,-0.28328462740357596,-1.0193041303414028,96,down,0.8727290796881405,0.5277557521141454,-0.06972266103918881,96,up
P259_1,HALLMARK,PROTEIN_SECRETION,EOS.supp_HRV - EOS.supp_none,0.047973326074933306,0.4132728885635141,1.554842230294777,93,up,0.04840409019490904,0.006002687439256152,2.548625112861279,93,up
P259_1,HALLMARK,PROTEIN_SECRETION,EOS.supp_HRV - none_HRV,1,0.1480098353357264,0.5302360442689787,93,up,0.8091949592079064,0.4367943948299162,0.15935246694128014,93,up
P259_1,HALLMARK,PROTEIN_SECRETION,EOS.supp_none - none_none,1,-0.1615981399425962,-0.5286688144913196,93,down,0.8949087204836433,0.43846083414425935,-0.15517856850925443,93,down
P259_1,HALLMARK,PROTEIN_SECRETION,none_HRV - none_none,0.1668335001668335,0.3443953926859325,1.3099052446747708,93,up,0.1252156635798809,0.017530192901183347,2.128892011817122,93,up
P259_1,HALLMARK,REACTIVE_OXYGEN_SPECIES_PATHWAY,EOS.supp_HRV - EOS.supp_none,1,-0.2019878703087416,-0.6453436927561527,49,down,0.9039175658334229,0.5064100011155122,-0.0161155675493362,49,up
P259_1,HALLMARK,REACTIVE_OXYGEN_SPECIES_PATHWAY,EOS.supp_HRV - none_HRV,0.8493616088552798,0.29620205863380156,0.9457361237556954,49,up,0.7455547799492028,0.23852141718263792,0.713908398465466,49,up
P259_1,HALLMARK,REACTIVE_OXYGEN_SPECIES_PATHWAY,EOS.supp_none - none_none,1,-0.11876838534181053,-0.3509572942813603,49,down,0.8949087204836433,0.5201591005590094,0.05074462514486198,49,down
P259_1,HALLMARK,REACTIVE_OXYGEN_SPECIES_PATHWAY,none_HRV - none_none,0.7044956140350878,-0.3112859968063166,-1.0150878775924892,49,down,0.9620962210888985,0.3271127151702254,-0.44932384231258765,49,down
P259_1,HALLMARK,SPERMATOGENESIS,EOS.supp_HRV - EOS.supp_none,0.8124477861319968,-0.26759156848516236,-0.9198471438316249,80,down,0.9039175658334229,0.5474874360947999,-0.1195154326522722,80,up
P259_1,HALLMARK,SPERMATOGENESIS,EOS.supp_HRV - none_HRV,0.8493616088552798,-0.27867459516610793,-0.9499240036223886,80,down,0.8091949592079064,0.45094337356516895,0.12348329703831483,80,up
P259_1,HALLMARK,SPERMATOGENESIS,EOS.supp_none - none_none,0.8665644171779141,0.32504194022011096,1.1268764596374923,80,up,0.9156617814586476,0.14330486449540453,1.069210812425369,80,up
P259_1,HALLMARK,SPERMATOGENESIS,none_HRV - none_none,1,0.19223200972271243,0.7156350141899808,80,up,0.752280984729745,0.272390807000296,0.607009795008099,80,up
P259_1,HALLMARK,TGF_BETA_SIGNALING,EOS.supp_HRV - EOS.supp_none,0.9986225895316805,0.2278276707118304,0.772590750880286,51,up,0.8529938160218105,0.35825740272916046,0.3642681877815898,51,up
P259_1,HALLMARK,TGF_BETA_SIGNALING,EOS.supp_HRV - none_HRV,0.5432661027976577,-0.3469723696542219,-1.0846307179075072,51,down,0.9008061876274012,0.25222573253567226,-0.6699234802294624,51,down
P259_1,HALLMARK,TGF_BETA_SIGNALING,EOS.supp_none - none_none,0.8665644171779141,-0.38564450370303366,-1.1437923800947707,51,down,0.8949087204836433,0.2674705748330819,-0.6226359468709031,51,down
P259_1,HALLMARK,TGF_BETA_SIGNALING,none_HRV - none_none,1,0.2024472101856843,0.6840060153423988,51,up,0.752280984729745,0.3656550947982614,0.34439840469538024,51,up
P259_1,HALLMARK,TNFA_SIGNALING_VIA_NFKB,EOS.supp_HRV - EOS.supp_none,1.2642151618206e-5,0.4553936482333292,1.900543190747653,195,up,4.482653405186002e-4,2.6895920431115852e-5,4.085828260237181,195,up
P259_1,HALLMARK,TNFA_SIGNALING_VIA_NFKB,EOS.supp_HRV - none_HRV,0.37167449139280123,-0.3057369835142147,-1.1795167654523944,195,down,0.6993117842475322,0.08993381748723515,-1.3435866356149766,195,down
P259_1,HALLMARK,TNFA_SIGNALING_VIA_NFKB,EOS.supp_none - none_none,0.8665644171779141,-0.2971914233922213,-1.057436314176721,195,down,0.8949087204836433,0.22017662531647655,-0.7723987002306287,195,down
P259_1,HALLMARK,TNFA_SIGNALING_VIA_NFKB,none_HRV - none_none,4.5041052168928744e-6,0.4542833765092751,1.9299420954665656,195,up,3.76000780604132e-4,2.256004683624779e-5,4.128649939807945,195,up
P259_1,HALLMARK,UNFOLDED_PROTEIN_RESPONSE,EOS.supp_HRV - EOS.supp_none,0.07677985331949232,0.37062405183006564,1.4365164281152338,111,up,0.04840409019490904,0.006776572627287262,2.4919258064588683,111,up
P259_1,HALLMARK,UNFOLDED_PROTEIN_RESPONSE,EOS.supp_HRV - none_HRV,1,-0.1345140288710794,-0.48048630681926485,111,down,0.836434251882486,0.5185892361671414,-0.04668560710178929,111,up
P259_1,HALLMARK,UNFOLDED_PROTEIN_RESPONSE,EOS.supp_none - none_none,1,0.16426416553417367,0.5941345512829759,111,up,0.8949087204836433,0.7352024062929176,0.6299610174277678,111,down
P259_1,HALLMARK,UNFOLDED_PROTEIN_RESPONSE,none_HRV - none_none,0.0605007376151553,0.3760687568877298,1.4691858466018133,111,up,0.05278174738335441,0.005278174738335442,2.5799356120171963,111,up
P259_1,HALLMARK,UV_RESPONSE_DN,EOS.supp_HRV - EOS.supp_none,0.42664670658682635,-0.31265235897903937,-1.157737864994511,129,down,0.9039175658334229,0.7502577233960979,-0.6762649423820127,129,up
P259_1,HALLMARK,UV_RESPONSE_DN,EOS.supp_HRV - none_HRV,0.9498639313376597,-0.25445414088973933,-0.9313204270018313,129,down,0.8091949592079064,0.46200803184310457,0.09547023344335202,129,up
P259_1,HALLMARK,UV_RESPONSE_DN,EOS.supp_none - none_none,0.8964429145152037,-0.3060353181807343,-1.0462925863481491,129,down,0.8949087204836433,0.44080269756380486,-0.14908669014885786,129,down
P259_1,HALLMARK,UV_RESPONSE_DN,none_HRV - none_none,0.3568458980044346,-0.3133963072479757,-1.1813583384670423,129,down,0.8221861879197853,0.21106028728398832,-0.8040432338726881,129,down
P259_1,HALLMARK,UV_RESPONSE_UP,EOS.supp_HRV - EOS.supp_none,0.572289156626506,0.2636536130286409,1.0596530249439624,148,up,0.41837483708046364,0.09561508888892073,1.3099770706230225,148,up
P259_1,HALLMARK,UV_RESPONSE_UP,EOS.supp_HRV - none_HRV,0.3456221198156682,-0.34978615534494717,-1.3088439559495288,148,down,0.6993117842475322,0.09753009276597957,-1.2987561994452625,148,down
P259_1,HALLMARK,UV_RESPONSE_UP,EOS.supp_none - none_none,0.8665644171779141,-0.3159004625860615,-1.0976787533507701,148,down,0.8949087204836433,0.16970831621909985,-0.9568754707031605,148,down
P259_1,HALLMARK,UV_RESPONSE_UP,none_HRV - none_none,0.42037586547972305,0.27273994983531974,1.1088957164719433,148,up,0.31674681152393336,0.06968429853526527,1.4821768736620002,148,up
P259_1,HALLMARK,WNT_BETA_CATENIN_SIGNALING,EOS.supp_HRV - EOS.supp_none,0.728416192333718,-0.3185324360346434,-0.9602893073769304,38,down,0.9039175658334229,0.6429049091333128,-0.36766610931457644,38,up
P259_1,HALLMARK,WNT_BETA_CATENIN_SIGNALING,EOS.supp_HRV - none_HRV,0.37167449139280123,0.41950538152955325,1.280844463347938,38,up,0.588577237460236,0.10692069699084655,1.2540966559354245,38,up
P259_1,HALLMARK,WNT_BETA_CATENIN_SIGNALING,EOS.supp_none - none_none,0.9148084619782734,-0.34662219622408896,-0.976435639711441,38,down,0.8949087204836433,0.3097770270222725,-0.4985907233681056,38,down
P259_1,HALLMARK,WNT_BETA_CATENIN_SIGNALING,none_HRV - none_none,0.0605007376151553,-0.5107831080990495,-1.5756572186851683,38,down,0.5486716440095248,0.0649255774597313,-1.5318221527999871,38,down
P259_1,HALLMARK,XENOBIOTIC_METABOLISM,EOS.supp_HRV - EOS.supp_none,0.7171352583586625,0.24331095219784013,0.985402764222763,159,up,0.7063134499209252,0.21189403497627754,0.8009106672638239,159,up
P259_1,HALLMARK,XENOBIOTIC_METABOLISM,EOS.supp_HRV - none_HRV,0.5085403726708075,0.2774123706713402,1.0684268561084307,159,up,0.588577237460236,0.1283795862830311,1.1361469871010517,159,up
P259_1,HALLMARK,XENOBIOTIC_METABOLISM,EOS.supp_none - none_none,1,-0.25676990785451204,-0.8970848711670631,159,down,0.8949087204836433,0.4068298687871876,-0.2359063634044074,159,down
P259_1,HALLMARK,XENOBIOTIC_METABOLISM,none_HRV - none_none,0.7356076759061835,-0.25320536014371836,-0.9742962224383211,159,down,0.8727290796881405,0.5349722447654641,-0.08784508837487229,159,up
P259_2,HALLMARK,ADIPOGENESIS,AntiIL5_HRV - AntiIL5_none,1,-0.24493366360773303,-0.8419789369970684,182,down,0.8307869548974183,0.49865223681179915,0.003380796526709902,182,up
P259_2,HALLMARK,ADIPOGENESIS,AntiIL5_HRV - none_HRV,1,0.22561417468047204,0.8713846845546814,182,up,0.8464425128343028,0.4970298384261721,-0.0074505851427536145,182,down
P259_2,HALLMARK,ADIPOGENESIS,AntiIL5_none - none_none,1,0.25390292021065797,0.7167306444430838,182,up,0.46364414549270355,0.13909324364781106,-1.0861890579814235,182,down
P259_2,HALLMARK,ADIPOGENESIS,none_HRV - none_none,0.5779816513761469,-0.26131239559641717,-1.0486316185789823,182,down,0.8855587988028762,0.17311267837492966,-0.9432456335242229,182,down
P259_2,HALLMARK,ALLOGRAFT_REJECTION,AntiIL5_HRV - AntiIL5_none,1,-0.20656395242048578,-0.7102048544952851,184,down,0.46690181042487533,0.19381970452484937,0.8649379530641114,184,up
P259_2,HALLMARK,ALLOGRAFT_REJECTION,AntiIL5_HRV - none_HRV,0.46474358974358976,0.3264217381034693,1.259340517239815,184,up,0.9109155081067634,0.8016056471339517,0.8483877699967772,184,down
P259_2,HALLMARK,ALLOGRAFT_REJECTION,AntiIL5_none - none_none,0.7708333333333334,0.37143685418572975,1.049451041288018,184,up,0.592102753012537,0.23733155153917593,0.7156517625408834,184,up
P259_2,HALLMARK,ALLOGRAFT_REJECTION,none_HRV - none_none,0.45137789040228066,0.2658412057894662,1.0800051221745144,184,up,0.6246118899942318,0.17489132919838485,0.9362148798103694,184,up
P259_2,HALLMARK,ANDROGEN_RESPONSE,AntiIL5_HRV - AntiIL5_none,1,-0.2159823888614484,-0.6986767517846104,92,down,0.46690181042487533,0.16835598544483985,0.9632876791619824,92,up
P259_2,HALLMARK,ANDROGEN_RESPONSE,AntiIL5_HRV - none_HRV,1,0.22374881136104158,0.7831195698223182,92,up,0.8464425128343028,0.6065062693038725,0.27065310913030094,92,down
P259_2,HALLMARK,ANDROGEN_RESPONSE,AntiIL5_none - none_none,1,-0.17606622777732042,-0.7826792519700027,92,down,0.1485017027512497,0.02949391342052372,-1.9014027770298432,92,down
P259_2,HALLMARK,ANDROGEN_RESPONSE,none_HRV - none_none,0.3787579894263394,-0.321830669890475,-1.1703261083731045,92,down,0.8855587988028762,0.22262981075710397,-0.7650364376811435,92,down
P259_2,HALLMARK,ANGIOGENESIS,AntiIL5_HRV - AntiIL5_none,0.30202790162519777,-0.4843303459607739,-1.318845762745147,27,down,0.4903989090879625,0.13731169454462952,-1.1059378022922386,27,down
P259_2,HALLMARK,ANGIOGENESIS,AntiIL5_HRV - none_HRV,0.4656084656084656,-0.437181623949187,-1.2512811260732744,27,down,0.7530060929823492,0.19140848625355167,-0.8810880818000378,27,down
P259_2,HALLMARK,ANGIOGENESIS,AntiIL5_none - none_none,0.7708333333333334,0.4516142646979852,1.0901555029058083,27,up,0.5402559751589998,0.20012333917626104,0.8488387456990389,27,up
P259_2,HALLMARK,ANGIOGENESIS,none_HRV - none_none,0.9615384615384616,0.25338521595747665,0.7384657985913071,27,up,0.9018402536706921,0.45092012683534605,0.12394078509306183,27,up
P259_2,HALLMARK,APICAL_JUNCTION,AntiIL5_HRV - AntiIL5_none,0.20554984583761562,-0.3687104386214434,-1.2515758595677402,156,down,0.32902906086895006,0.04384422701740659,-1.713146141497496,156,down
P259_2,HALLMARK,APICAL_JUNCTION,AntiIL5_HRV - none_HRV,0.5890652557319224,-0.2736410239798386,-1.0553210356307992,156,down,0.7530060929823492,0.3012024371929397,-0.5214831513777921,156,down
P259_2,HALLMARK,APICAL_JUNCTION,AntiIL5_none - none_none,0.30324442089147974,0.425700152217774,1.193665653524191,156,up,0.41411736574494185,0.09064572276247208,1.3398499789676321,156,up
P259_2,HALLMARK,APICAL_JUNCTION,none_HRV - none_none,0.923217550274223,-0.2291945789408779,-0.9011689318467642,156,down,0.938376054090732,0.5308677876499895,-0.07751528567883254,156,up
P259_2,HALLMARK,APICAL_SURFACE,AntiIL5_HRV - AntiIL5_none,0.12433544846510032,-0.5203639946093367,-1.4610844764284812,31,down,0.28410639152100453,0.028410639152100445,-1.943125043573289,31,down
P259_2,HALLMARK,APICAL_SURFACE,AntiIL5_HRV - none_HRV,0.5939769975786925,-0.3670949589725569,-1.0779095414450268,31,down,0.7530060929823492,0.2728546444957798,-0.6076613284134251,31,down
P259_2,HALLMARK,APICAL_SURFACE,AntiIL5_none - none_none,0.3672316384180791,0.5149946464788187,1.2703428754421275,31,up,0.4252286832898063,0.136073178652738,1.10854474026148,31,up
P259_2,HALLMARK,APICAL_SURFACE,none_HRV - none_none,0.6627070959674899,-0.3386173733692482,-1.0091349860117926,31,down,0.8855587988028762,0.27170004494765815,-0.611379980534172,31,down
P259_2,HALLMARK,APOPTOSIS,AntiIL5_HRV - AntiIL5_none,0.041014647703421614,0.279935816343272,1.2621758149515505,154,up,0.17454389656622787,0.036327429716954796,1.801508755827028,154,up
P259_2,HALLMARK,APOPTOSIS,AntiIL5_HRV - none_HRV,0.46474358974358976,-0.3114588873523509,-1.1986631145422237,154,down,0.6329001882678182,0.10712740877599618,-1.2445416181609559,154,down
P259_2,HALLMARK,APOPTOSIS,AntiIL5_none - none_none,1,0.30258118740376844,0.8487462809228276,154,up,0.8283144600250831,0.3313257840100332,-0.4366806065389255,154,down
P259_2,HALLMARK,APOPTOSIS,none_HRV - none_none,0.003041770894918257,0.4040536551061824,1.5940956208579908,154,up,0.13777103179956976,0.013777103179956951,2.214441827117461,154,up
P259_2,HALLMARK,BILE_ACID_METABOLISM,AntiIL5_HRV - AntiIL5_none,0.07420232500618354,-0.44176560849863417,-1.4265777869595406,89,down,0.32902906086895006,0.078966974608548,-1.4181812753147822,89,down
P259_2,HALLMARK,BILE_ACID_METABOLISM,AntiIL5_HRV - none_HRV,0.5182002022244692,0.32251327537554164,1.1224645823780603,89,up,0.8993226203028862,0.6654987390241359,0.4282713871938716,89,down
P259_2,HALLMARK,BILE_ACID_METABOLISM,AntiIL5_none - none_none,0.48104956268221577,0.4206729891810551,1.1605271372700892,89,up,0.592102753012537,0.24868315626526552,0.6800656131869918,89,up
P259_2,HALLMARK,BILE_ACID_METABOLISM,none_HRV - none_none,0.25811209439528027,-0.35026156413844506,-1.2602516224516123,89,down,0.8855587988028762,0.16507963091597228,-0.9764967358642646,89,down
P259_2,HALLMARK,CHOLESTEROL_HOMEOSTASIS,AntiIL5_HRV - AntiIL5_none,1,-0.25820414250150175,-0.8145294594241448,68,down,0.7477341993117771,0.4174392103519182,0.20885630870056637,68,up
P259_2,HALLMARK,CHOLESTEROL_HOMEOSTASIS,AntiIL5_HRV - none_HRV,0.6239737274220032,0.3142210881927207,1.0561953392972092,68,up,0.9109155081067634,0.7891933469743051,0.8064237807540804,68,down
P259_2,HALLMARK,CHOLESTEROL_HOMEOSTASIS,AntiIL5_none - none_none,0.9779614325068872,0.3522756982417675,0.9568220578941649,68,up,0.9502934110547065,0.41812910086407085,-0.20709693763611922,68,down
P259_2,HALLMARK,CHOLESTEROL_HOMEOSTASIS,none_HRV - none_none,0.8755625122285268,-0.25832316383816,-0.8973091047945145,68,down,0.9044266318779715,0.3607210019573972,-0.3572854783007317,68,down
P259_2,HALLMARK,COAGULATION,AntiIL5_HRV - AntiIL5_none,1.9913256797088729e-4,-0.5305837755802038,-1.7321167362580827,100,down,0.06045802680210885,0.0024183210720843513,-2.8498949216945837,100,down
P259_2,HALLMARK,COAGULATION,AntiIL5_HRV - none_HRV,0.5182002022244692,-0.3079148257955997,-1.1117989962829287,100,down,0.7530060929823492,0.25749661469440477,-0.6522549322729857,100,down
P259_2,HALLMARK,COAGULATION,AntiIL5_none - none_none,0.23979072809184715,0.4603586762802218,1.2724607286049632,100,up,0.41411736574494185,0.08191038938248985,1.3977420126014939,100,up
P259_2,HALLMARK,COAGULATION,none_HRV - none_none,0.2148199342492438,-0.38169400771735684,-1.4006996828473128,100,down,0.8855587988028762,0.11948692811012487,-1.181133896432434,100,down
P259_2,HALLMARK,COMPLEMENT,AntiIL5_HRV - AntiIL5_none,1,-0.26090978651815316,-0.8952997984012144,172,down,0.505220413063719,0.2324013900093108,0.7317821970210702,172,up
P259_2,HALLMARK,COMPLEMENT,AntiIL5_HRV - none_HRV,0.6612285255221851,0.2666814910175352,1.0194364686545687,172,up,0.9109155081067634,0.7598783923885029,0.7066923475909326,172,down
P259_2,HALLMARK,COMPLEMENT,AntiIL5_none - none_none,0.2569235902569236,0.4257630803325966,1.2003013363651012,172,up,0.41411736574494185,0.1166211397116704,1.1941772284555046,172,up
P259_2,HALLMARK,COMPLEMENT,none_HRV - none_none,0.45137789040228066,0.269072435717138,1.0805082464405649,172,up,0.35941208153223886,0.06771357596813422,1.496583341944139,172,up
P259_2,HALLMARK,DNA_REPAIR,AntiIL5_HRV - AntiIL5_none,1,0.17832266840344252,0.7960897006704394,144,up,0.08341950067837368,0.01067826372978565,2.3162021026395494,144,up
P259_2,HALLMARK,DNA_REPAIR,AntiIL5_HRV - none_HRV,1,-0.17364256355450308,-0.6559757055698221,144,down,0.7530060929823492,0.262188470500657,-0.6375023451823794,144,down
P259_2,HALLMARK,DNA_REPAIR,AntiIL5_none - none_none,1,-0.1598694016644762,-0.8125937828172697,144,down,0.04000876314112847,0.004310730303736722,-2.650395706998388,144,down
P259_2,HALLMARK,DNA_REPAIR,none_HRV - none_none,1,0.13098179390673925,0.5151294277860652,144,up,0.808295806188179,0.31438600937137584,0.4840965629825075,144,up
P259_2,HALLMARK,E2F_TARGETS,AntiIL5_HRV - AntiIL5_none,1,-0.20117621676242067,-0.6942893387582348,200,down,0.4066804771622741,0.13031906608298693,1.1265923133935316,200,up
P259_2,HALLMARK,E2F_TARGETS,AntiIL5_HRV - none_HRV,0.0038033798280916326,-0.4059117094408301,-1.6064312862630648,200,down,0.029993183647435997,5.998636729487204e-4,-3.2640270010253247,200,down
P259_2,HALLMARK,E2F_TARGETS,AntiIL5_none - none_none,0.29742128917837457,-0.23547340837413777,-1.0069251079220791,200,down,0.01139804456804085,4.5592178272163314e-4,-3.342508942216572,200,down
P259_2,HALLMARK,E2F_TARGETS,none_HRV - none_none,1,-0.16563220085387992,-0.6702672700988421,200,down,0.938376054090732,0.5122507085387146,-0.030734973319954704,200,up
P259_2,HALLMARK,EPITHELIAL_MESENCHYMAL_TRANSITION,AntiIL5_HRV - AntiIL5_none,1.1308430448362269e-4,-0.4904780976976171,-1.6650501673804623,158,down,0.0085946818045586,1.7189363609117233e-4,-3.6208587073929253,158,down
P259_2,HALLMARK,EPITHELIAL_MESENCHYMAL_TRANSITION,AntiIL5_HRV - none_HRV,0.4656084656084656,-0.30436915686439237,-1.1721527532721518,158,down,0.6329001882678182,0.12658003765356365,-1.1448325796207721,158,down
P259_2,HALLMARK,EPITHELIAL_MESENCHYMAL_TRANSITION,AntiIL5_none - none_none,0.0029479014698622712,0.524433609391026,1.4702336603596273,158,up,0.05897744272020779,0.004783798233965204,2.607852073458576,158,up
P259_2,HALLMARK,EPITHELIAL_MESENCHYMAL_TRANSITION,none_HRV - none_none,0.25811209439528027,-0.3106073540905198,-1.2231940257187912,158,down,0.8855587988028762,0.26651617166069275,-0.6240897314675605,158,down
P259_2,HALLMARK,ESTROGEN_RESPONSE_EARLY,AntiIL5_HRV - AntiIL5_none,0.05882729043828506,-0.4028453390528527,-1.3759914218257927,168,down,0.32902906086895006,0.07613885900027194,-1.434820378642522,168,down
P259_2,HALLMARK,ESTROGEN_RESPONSE_EARLY,AntiIL5_HRV - none_HRV,0.46474358974358976,-0.3125104096333717,-1.2164810858534898,168,down,0.7530060929823492,0.29020237450578057,-0.5533403926585496,168,down
P259_2,HALLMARK,ESTROGEN_RESPONSE_EARLY,AntiIL5_none - none_none,0.23979072809184715,0.4291105096467662,1.2083652431443719,168,up,0.47130611106441284,0.16024407776190044,0.9949377580666977,168,up
P259_2,HALLMARK,ESTROGEN_RESPONSE_EARLY,none_HRV - none_none,0.4138266796494645,-0.27893829030524947,-1.1094702972362855,168,down,0.938376054090732,0.5890197328148892,-0.2252050893893889,168,up
P259_2,HALLMARK,ESTROGEN_RESPONSE_LATE,AntiIL5_HRV - AntiIL5_none,0.31438018320776195,-0.35259969538226965,-1.1992756403845297,162,down,0.32902906086895006,0.0711802851291017,-1.47066570046766,162,down
P259_2,HALLMARK,ESTROGEN_RESPONSE_LATE,AntiIL5_HRV - none_HRV,0.46474358974358976,-0.3264033279458848,-1.2607380135281794,162,down,0.6329001882678182,0.09179355423982469,-1.3326606744580634,162,down
P259_2,HALLMARK,ESTROGEN_RESPONSE_LATE,AntiIL5_none - none_none,0.23979072809184715,0.43471108648294826,1.2226054566316726,162,up,0.41411736574494185,0.10228167653090114,1.2712452389192894,162,up
P259_2,HALLMARK,ESTROGEN_RESPONSE_LATE,none_HRV - none_none,0.5046257359125315,0.2681346125417252,1.0691112923111834,162,up,0.808295806188179,0.33852471632858466,0.4168797260953268,162,up
P259_2,HALLMARK,FATTY_ACID_METABOLISM,AntiIL5_HRV - AntiIL5_none,1,-0.23207546118475997,-0.7801977663819984,137,down,0.6856400487494875,0.3291072233997539,0.4429301470562953,137,up
P259_2,HALLMARK,FATTY_ACID_METABOLISM,AntiIL5_HRV - none_HRV,1,-0.2232308407553408,-0.8380408043912595,137,down,0.7530060929823492,0.20774401160451353,-0.8156997018093844,137,down
P259_2,HALLMARK,FATTY_ACID_METABOLISM,AntiIL5_none - none_none,1,0.18579777374594625,0.5207694552407752,137,up,0.2549873090550566,0.06119695417321357,-1.549955516371936,137,down
P259_2,HALLMARK,FATTY_ACID_METABOLISM,none_HRV - none_none,0.9615384615384616,-0.2212191079872132,-0.8515356869827005,137,down,0.8863221773835613,0.30134954031041083,-0.5212114079858411,137,down
P259_2,HALLMARK,G2M_CHECKPOINT,AntiIL5_HRV - AntiIL5_none,1,-0.13738196397165484,-0.47358470325478885,196,down,0.17454389656622787,0.03839965724457015,1.774539357860639,196,up
P259_2,HALLMARK,G2M_CHECKPOINT,AntiIL5_HRV - none_HRV,0.46474358974358976,-0.30328133744725305,-1.1999538549755,196,down,0.6329001882678182,0.05915622531223824,-1.5653724878528326,196,down
P259_2,HALLMARK,G2M_CHECKPOINT,AntiIL5_none - none_none,0.024980062888747344,-0.27876058808344745,-1.1070831317593222,196,down,7.324387724335235e-4,1.4648775448670448e-5,-4.238448153399523,196,down
P259_2,HALLMARK,G2M_CHECKPOINT,none_HRV - none_none,0.6627070959674899,-0.24788043197408008,-1.0004417127999308,196,down,0.8855587988028762,0.22547036923931574,-0.7546463197930884,196,down
P259_2,HALLMARK,GLYCOLYSIS,AntiIL5_HRV - AntiIL5_none,0.3020551038843722,-0.3488050282716564,-1.198128295826554,175,down,0.32902906086895006,0.07831718507414005,-1.4195733407879156,175,down
P259_2,HALLMARK,GLYCOLYSIS,AntiIL5_HRV - none_HRV,0.836111111111111,-0.24284260952376288,-0.9470353501213163,175,down,0.7981356051421064,0.39849205843747204,-0.2574508220562728,175,down
P259_2,HALLMARK,GLYCOLYSIS,AntiIL5_none - none_none,0.8288288288288288,0.36764615181725785,1.0368257363261328,175,up,0.6895074660231795,0.3067896289377058,0.505427176642165,175,up
P259_2,HALLMARK,GLYCOLYSIS,none_HRV - none_none,0.6070065903572667,-0.256496968145195,-1.029789898354245,175,down,0.8855587988028762,0.20785743902502812,-0.8148650612361845,175,down
P259_2,HALLMARK,HEDGEHOG_SIGNALING,AntiIL5_HRV - AntiIL5_none,0.9526312331647067,-0.34776315055439566,-0.963153721378671,29,down,0.9325376563136452,0.6341256062932786,-0.3445407228763684,29,up
P259_2,HALLMARK,HEDGEHOG_SIGNALING,AntiIL5_HRV - none_HRV,0.26480602598095604,0.5546015368104357,1.579716778371353,29,up,0.9520361282334285,0.8847655400905756,1.2132013366855074,29,down
P259_2,HALLMARK,HEDGEHOG_SIGNALING,AntiIL5_none - none_none,0.4818594104308391,0.49283924201156687,1.2077134535688914,29,up,0.5402559751589998,0.20529727056041994,0.8290627964891313,29,up
P259_2,HALLMARK,HEDGEHOG_SIGNALING,none_HRV - none_none,0.7220578649150078,-0.31932759382674664,-0.9443130506652582,29,down,0.9044266318779715,0.33941569188235327,-0.41624159864759147,29,down
P259_2,HALLMARK,HEME_METABOLISM,AntiIL5_HRV - AntiIL5_none,0.9475881367076271,0.20166549580681392,0.9441350576236339,184,up,0.15908987639299255,0.025454380222878777,1.9586890824570466,184,up
P259_2,HALLMARK,HEME_METABOLISM,AntiIL5_HRV - none_HRV,1,-0.20094978241097247,-0.7897768680602407,184,down,0.7981356051421064,0.4105063206208506,-0.22640673339145312,184,down
P259_2,HALLMARK,HEME_METABOLISM,AntiIL5_none - none_none,1,0.3124457659006774,0.8827786760398848,184,up,0.6335760401510604,0.20274433284833931,-0.8328237426846015,184,down
P259_2,HALLMARK,HEME_METABOLISM,none_HRV - none_none,0.3215077605321508,0.28681051460496465,1.1651949288560748,184,up,0.35941208153223886,0.07188241630644777,1.4651550189972433,184,up
P259_2,HALLMARK,HYPOXIA,AntiIL5_HRV - AntiIL5_none,0.9526312331647067,-0.2803497627113331,-0.9625443977490717,173,down,0.9144365174745568,0.5937667252084232,-0.2374274390360754,173,up
P259_2,HALLMARK,HYPOXIA,AntiIL5_HRV - none_HRV,0.6929916317991631,-0.25636690039350846,-0.9973175159670421,173,down,0.7981356051421064,0.36013704299211446,-0.35838712332956096,173,down
P259_2,HALLMARK,HYPOXIA,AntiIL5_none - none_none,0.3531309086864642,0.4129720044882089,1.1645835061408656,173,up,0.41411736574494185,0.12013504237113867,1.176347085022658,173,up
P259_2,HALLMARK,HYPOXIA,none_HRV - none_none,0.39210128495842783,0.2795485393488477,1.1213662785389464,173,up,0.6037876658486281,0.15698479312064328,1.0084035795724473,173,up
P259_2,HALLMARK,IL2_STAT5_SIGNALING,AntiIL5_HRV - AntiIL5_none,0.9526312331647067,-0.27950408590071724,-0.9614894330995654,187,down,0.7918796999586507,0.45929022597601743,0.10229398512718935,187,up
P259_2,HALLMARK,IL2_STAT5_SIGNALING,AntiIL5_HRV - none_HRV,0.46474358974358976,-0.29960700409520785,-1.1800392842534921,187,down,0.6329001882678182,0.12351621373615264,-1.1594245582284604,187,down
P259_2,HALLMARK,IL2_STAT5_SIGNALING,AntiIL5_none - none_none,1,0.33873251704422025,0.9564445860920485,187,up,0.7011511062189054,0.3445551762992135,0.40037582827193435,187,up
P259_2,HALLMARK,IL2_STAT5_SIGNALING,none_HRV - none_none,0.25811209439528027,0.29531998106842006,1.2045209727570227,187,up,0.6037876658486281,0.1514332188985483,1.0318234086511835,187,up
P259_2,HALLMARK,IL6_JAK_STAT3_SIGNALING,AntiIL5_HRV - AntiIL5_none,0.035285142064400137,0.34253037011416587,1.5225523163705956,82,up,0.27444619891328065,0.08229421367752238,1.396582746288434,82,up
P259_2,HALLMARK,IL6_JAK_STAT3_SIGNALING,AntiIL5_HRV - none_HRV,1,0.21689940515727232,0.7489111036824762,82,up,0.8464425128343028,0.5475020604254753,0.11954025433132286,82,down
P259_2,HALLMARK,IL6_JAK_STAT3_SIGNALING,AntiIL5_none - none_none,0.23979072809184715,0.47669272251933925,1.3060277605642179,82,up,0.41411736574494185,0.11651320278065419,1.1973415421466866,82,up
P259_2,HALLMARK,IL6_JAK_STAT3_SIGNALING,none_HRV - none_none,0.0021293108391215545,0.5030193749589037,1.8261431575757556,82,up,0.16075972115300508,0.019291166538360577,2.0890336336583695,82,up
P259_2,HALLMARK,INFLAMMATORY_RESPONSE,AntiIL5_HRV - AntiIL5_none,1,-0.25323785238715085,-0.8699886393854896,177,down,0.46690181042487533,0.19894552900350002,0.8464718204467996,177,up
P259_2,HALLMARK,INFLAMMATORY_RESPONSE,AntiIL5_HRV - none_HRV,0.7148553201184781,0.2576594020534654,0.9926846575385408,177,up,0.8464425128343028,0.609438609240698,0.2780688759456173,177,down
P259_2,HALLMARK,INFLAMMATORY_RESPONSE,AntiIL5_none - none_none,0.010504184319889694,0.49680526460829033,1.4021287852888462,177,up,0.05897744272020779,0.005897744272020786,2.532147155276561,177,up
P259_2,HALLMARK,INFLAMMATORY_RESPONSE,none_HRV - none_none,2.0307422042456668e-4,0.430547764808962,1.7468142536812117,177,up,0.03274465539791544,0.0026195724318332303,2.811217157745582,177,up
P259_2,HALLMARK,INTERFERON_ALPHA_RESPONSE,AntiIL5_HRV - AntiIL5_none,4.481536335143109e-27,0.7698929343155577,3.487300384558036,97,up,8.134983013603029e-17,1.6269966027205822e-18,9.664283798790219,97,up
P259_2,HALLMARK,INTERFERON_ALPHA_RESPONSE,AntiIL5_HRV - none_HRV,1,0.1930389548710732,0.6753564931996965,97,up,0.9109155081067634,0.7388532810180294,0.641504863188699,97,down
P259_2,HALLMARK,INTERFERON_ALPHA_RESPONSE,AntiIL5_none - none_none,0.007067954736173552,0.5612686354232491,1.5481689923435895,97,up,0.05564869276398469,0.0033389215658390812,2.742498872348705,97,up
P259_2,HALLMARK,INTERFERON_ALPHA_RESPONSE,none_HRV - none_none,4.357698259213124e-22,0.7814074487896151,2.912225106481769,97,up,1.001836091609693e-15,4.007344366438777e-17,9.254095786554014,97,up
P259_2,HALLMARK,INTERFERON_GAMMA_RESPONSE,AntiIL5_HRV - AntiIL5_none,1.5059135798903366e-25,0.6058149876371408,2.8437363096375923,198,up,2.58404032652522e-15,1.0336161306100753e-16,8.592755098775333,198,up
P259_2,HALLMARK,INTERFERON_GAMMA_RESPONSE,AntiIL5_HRV - none_HRV,0.46474358974358976,0.30429476137777234,1.1827655552466525,198,up,0.9612814154973216,0.9612814154973216,1.7707565195552863,198,down
P259_2,HALLMARK,INTERFERON_GAMMA_RESPONSE,AntiIL5_none - none_none,0.0024799447838672727,0.5148410689527849,1.4563585798276746,198,up,0.04921678513536553,9.843357027073116e-4,3.1158212130921954,198,up
P259_2,HALLMARK,INTERFERON_GAMMA_RESPONSE,none_HRV - none_none,6.551852868260052e-27,0.6884344397603539,2.812420048859656,198,up,7.875613501729125e-16,1.5751227003458114e-17,8.893233458735251,198,up
P259_2,HALLMARK,KRAS_SIGNALING_DN,AntiIL5_HRV - AntiIL5_none,0.04063155961108151,-0.44553947685444384,-1.4679821449125017,106,down,0.28410639152100453,0.026189848531559267,-1.9515597737897419,106,down
P259_2,HALLMARK,KRAS_SIGNALING_DN,AntiIL5_HRV - none_HRV,0.836111111111111,0.26535271174020636,0.9438429479815792,106,up,0.8464425128343028,0.4894867218558852,-0.02638799256043453,106,down
P259_2,HALLMARK,KRAS_SIGNALING_DN,AntiIL5_none - none_none,0.010504184319889694,0.5433435721127563,1.5065059881756049,106,up,0.05564869276398469,0.0028949056510359688,2.790081806628172,106,up
P259_2,HALLMARK,KRAS_SIGNALING_DN,none_HRV - none_none,0.28924682395644286,0.3189415378890653,1.209217358644086,106,up,0.808295806188179,0.2813127067236315,0.5799744740307292,106,up
P259_2,HALLMARK,KRAS_SIGNALING_UP,AntiIL5_HRV - AntiIL5_none,0.1991074493649159,-0.3689840558271909,-1.2550027570616191,162,down,0.32902906086895006,0.04858762681571961,-1.6636831334559365,162,down
P259_2,HALLMARK,KRAS_SIGNALING_UP,AntiIL5_HRV - none_HRV,0.46474358974358976,-0.3071172839161711,-1.1862453636160148,162,down,0.6329001882678182,0.11750128468298326,-1.1898308147471583,162,down
P259_2,HALLMARK,KRAS_SIGNALING_UP,AntiIL5_none - none_none,0.08427748020749927,0.46741036063194497,1.314570700320084,162,up,0.2076244078199247,0.03321990525118795,1.84201945163617,162,up
P259_2,HALLMARK,KRAS_SIGNALING_UP,none_HRV - none_none,0.25811209439528027,0.3064439758388178,1.2218590950432897,162,up,0.808295806188179,0.265776863104227,0.6263965651141544,162,up
P259_2,HALLMARK,MITOTIC_SPINDLE,AntiIL5_HRV - AntiIL5_none,1,-0.1851789800437326,-0.6392885565743983,199,down,0.27444619891328065,0.07777053252819786,1.4229516232435546,199,up
P259_2,HALLMARK,MITOTIC_SPINDLE,AntiIL5_HRV - none_HRV,0.5890652557319224,-0.266844880068813,-1.0571277317151322,199,down,0.7981356051421064,0.4150305146738953,-0.21476717211275687,199,down
P259_2,HALLMARK,MITOTIC_SPINDLE,AntiIL5_none - none_none,1,0.22374816694053976,0.6331986150519324,199,up,0.05440293999101546,0.007616411598742162,-2.437540503763415,199,down
P259_2,HALLMARK,MITOTIC_SPINDLE,none_HRV - none_none,0.9615384615384616,-0.2187109003829142,-0.8846182557526135,199,down,0.8855587988028762,0.27108710143438713,-0.6100797430306347,199,down
P259_2,HALLMARK,MTORC1_SIGNALING,AntiIL5_HRV - AntiIL5_none,1,0.12040677678781944,0.56038898138284865,197,up,0.08341950067837368,0.011678730094972303,2.2780494116184897,197,up
P259_2,HALLMARK,MTORC1_SIGNALING,AntiIL5_HRV - none_HRV,1,0.14551048493823837,0.5654889631025145,197,up,0.8464425128343028,0.4809400708843231,-0.047827989663948696,197,down
P259_2,HALLMARK,MTORC1_SIGNALING,AntiIL5_none - none_none,1,-0.1617657952292682,-0.6731380204186139,197,down,0.04000876314112847,0.0048010515769354185,-2.6053714787123554,197,down
P259_2,HALLMARK,MTORC1_SIGNALING,none_HRV - none_none,1,-0.18392899518071532,-0.7423701017209304,197,down,0.938376054090732,0.4889416221474495,0.02774270404962678,197,up
P259_2,HALLMARK,MYC_TARGETS_V1,AntiIL5_HRV - AntiIL5_none,1,-0.19742178383393041,-0.6813322268427047,200,down,0.24743914851092622,0.059385395642622275,1.5652430804736994,200,up
P259_2,HALLMARK,MYC_TARGETS_V1,AntiIL5_HRV - none_HRV,0.39893617021276595,-0.32980833113545976,-1.3052454740368673,200,down,0.6067516464159488,0.024270065856637917,-1.981821896184651,200,down
P259_2,HALLMARK,MYC_TARGETS_V1,AntiIL5_none - none_none,1,-0.16839269057314385,-0.7200763317582102,200,down,0.04000876314112847,0.004379486093222733,-2.6412264590524086,200,down
P259_2,HALLMARK,MYC_TARGETS_V1,none_HRV - none_none,1,-0.12349240482456054,-0.499739281570745,200,down,0.808295806188179,0.3556501547227988,0.3705506600645839,200,up
P259_2,HALLMARK,MYC_TARGETS_V2,AntiIL5_HRV - AntiIL5_none,1,-0.1489637000715442,-0.4560012834908641,58,down,0.46690181042487533,0.18089694473075846,0.9165623458476225,58,up
P259_2,HALLMARK,MYC_TARGETS_V2,AntiIL5_HRV - none_HRV,1,0.23515291375687258,0.7620618844466102,58,up,0.8464425128343028,0.539289554688309,0.09886756699895004,58,down
P259_2,HALLMARK,MYC_TARGETS_V2,AntiIL5_none - none_none,0.06084995697345676,-0.3786311152466173,-1.5414813839910972,58,down,0.04000876314112847,0.0027338722273334876,-2.8453222658132793,58,down
P259_2,HALLMARK,MYC_TARGETS_V2,none_HRV - none_none,0.21266540642722118,-0.4175269519556785,-1.4032107420272177,58,down,0.8855587988028762,0.04471952899003086,-1.717226137022571,58,down
P259_2,HALLMARK,MYOGENESIS,AntiIL5_HRV - AntiIL5_none,0.001964969798580385,-0.45507474276718657,-1.53929782402787,147,down,0.0889505864016831,0.005337035184100984,-2.5699306953551373,147,down
P259_2,HALLMARK,MYOGENESIS,AntiIL5_HRV - none_HRV,0.6330749354005168,0.27718952799648433,1.0311194417185165,147,up,0.7981356051421064,0.3984405104248812,-0.25762574749292655,147,down
P259_2,HALLMARK,MYOGENESIS,AntiIL5_none - none_none,0.06084995697345676,0.47588288575689275,1.333041097833666,147,up,0.2076244078199247,0.026116241040526497,1.949465079078806,147,up
P259_2,HALLMARK,MYOGENESIS,none_HRV - none_none,0.37739013753773903,-0.2932761932644376,-1.144364719836362,147,down,0.8855587988028762,0.2833788156169204,-0.5735142832564836,147,down
P259_2,HALLMARK,NOTCH_SIGNALING,AntiIL5_HRV - AntiIL5_none,0.3331332533013205,-0.45882472001438335,-1.2802442667695788,30,down,0.5450116962835606,0.1635035088850682,-0.9887170310142327,30,down
P259_2,HALLMARK,NOTCH_SIGNALING,AntiIL5_HRV - none_HRV,0.46474358974358976,0.46094763605525746,1.3166610416791766,30,up,0.9520361282334285,0.8743646258701525,1.1589883877362197,30,down
P259_2,HALLMARK,NOTCH_SIGNALING,AntiIL5_none - none_none,0.907988216946803,0.40136580864523624,0.9883093348906675,30,up,0.7011511062189054,0.3505755531094527,0.3857454743271493,30,up
P259_2,HALLMARK,NOTCH_SIGNALING,none_HRV - none_none,0.2504638218923933,-0.4828517293926956,-1.4341131203954307,30,down,0.8855587988028762,0.11792650915471184,-1.1988441397422627,30,down
P259_2,HALLMARK,OXIDATIVE_PHOSPHORYLATION,AntiIL5_HRV - AntiIL5_none,0.6077959073738608,0.22105911404462686,1.0288382020487343,197,up,0.17454389656622787,0.038377966455032615,1.7765286257144983,197,up
P259_2,HALLMARK,OXIDATIVE_PHOSPHORYLATION,AntiIL5_HRV - none_HRV,1,-0.12105771442875365,-0.47856702100996384,197,down,0.7530060929823492,0.2970183676259485,-0.5336299719684205,197,down
P259_2,HALLMARK,OXIDATIVE_PHOSPHORYLATION,AntiIL5_none - none_none,1,0.2199606047545168,0.621990395639092,197,up,0.1485017027512497,0.026107065300818386,-1.9506363640170092,197,down
P259_2,HALLMARK,OXIDATIVE_PHOSPHORYLATION,none_HRV - none_none,1,0.11669488762831115,0.4767625691939154,197,up,0.808295806188179,0.33995259508842995,0.41306629079486956,197,up
P259_2,HALLMARK,P53_PATHWAY,AntiIL5_HRV - AntiIL5_none,1,-0.20801511242708887,-0.7155685466247805,187,down,0.4066804771622741,0.13827136223517322,1.0897184704908522,187,up
P259_2,HALLMARK,P53_PATHWAY,AntiIL5_HRV - none_HRV,0.8339819859891027,0.24860376812435603,0.9616979687708789,187,up,0.8464425128343028,0.6090565848804325,0.2770628452607332,187,down
P259_2,HALLMARK,P53_PATHWAY,AntiIL5_none - none_none,1,0.30745643149275453,0.8681334816227189,187,up,0.9502934110547065,0.4009279678018931,-0.2511293488287812,187,down
P259_2,HALLMARK,P53_PATHWAY,none_HRV - none_none,0.6627070959674899,0.24411116075615824,0.995655667290358,187,up,0.7611481648139516,0.22834444944418547,0.7450903229891316,187,up
P259_2,HALLMARK,PANCREAS_BETA_CELLS,AntiIL5_HRV - AntiIL5_none,0.3366385114457094,-0.5323436881918825,-1.2954834134157889,16,down,0.32902906086895006,0.07357703886493595,-1.4884410464046574,16,down
P259_2,HALLMARK,PANCREAS_BETA_CELLS,AntiIL5_HRV - none_HRV,0.4656084656084656,-0.51654046065283,-1.2810139818522472,16,down,0.6329001882678182,0.11934097088793985,-1.2025984664366403,16,down
P259_2,HALLMARK,PANCREAS_BETA_CELLS,AntiIL5_none - none_none,1,0.3788534527720523,0.8401339732431017,16,up,0.9344640503778358,0.48592130619647456,0.035593267309288766,16,up
P259_2,HALLMARK,PANCREAS_BETA_CELLS,none_HRV - none_none,0.362222811202403,-0.49734324186621043,-1.282170506839412,16,down,0.8855587988028762,0.20891609708724895,-0.8215847941573867,16,down
P259_2,HALLMARK,PEROXISOME,AntiIL5_HRV - AntiIL5_none,1,-0.25811366427355165,-0.8333998277923743,91,down,0.7477341993117771,0.3932867078803573,0.2711741249003283,91,up
P259_2,HALLMARK,PEROXISOME,AntiIL5_HRV - none_HRV,0.4917184265010352,0.33131100814759734,1.1574507516472634,91,up,0.8464425128343028,0.567902381727172,0.17128553159649385,91,down
P259_2,HALLMARK,PEROXISOME,AntiIL5_none - none_none,1,0.1564626577773871,0.4315050474560019,91,up,0.2720372613747508,0.07617043318493022,-1.4377845322059346,91,down
P259_2,HALLMARK,PEROXISOME,none_HRV - none_none,0.25811209439528027,-0.3434044865338891,-1.2440704537340896,91,down,0.8855587988028762,0.14427549756578437,-1.064506605467839,91,down
P259_2,HALLMARK,PI3K_AKT_MTOR_SIGNALING,AntiIL5_HRV - AntiIL5_none,0.7936507936507936,0.22871132017825813,1.0347277891113198,96,up,0.27444619891328065,0.08233385967398416,1.3949287150942724,96,up
P259_2,HALLMARK,PI3K_AKT_MTOR_SIGNALING,AntiIL5_HRV - none_HRV,1,0.1931953329232362,0.6787370752687805,96,up,0.8464425128343028,0.5390008892089442,0.09804921748687177,96,down
P259_2,HALLMARK,PI3K_AKT_MTOR_SIGNALING,AntiIL5_none - none_none,1,0.18952919606222807,0.5228675940200507,96,up,0.2549873090550566,0.05816988356938446,-1.5791230194078099,96,down
P259_2,HALLMARK,PI3K_AKT_MTOR_SIGNALING,none_HRV - none_none,1,-0.2089234092249606,-0.7644128268598388,96,down,0.896614889280699,0.4303751468547355,0.17566100018831893,96,up
P259_2,HALLMARK,PROTEIN_SECRETION,AntiIL5_HRV - AntiIL5_none,9.547780467122999e-4,0.3980644150300909,1.803676593424291,93,up,0.001404613823676368,8.427682942058219e-5,3.860794432537983,93,up
P259_2,HALLMARK,PROTEIN_SECRETION,AntiIL5_HRV - none_HRV,1,0.2203404158881859,0.7754563229665142,93,up,0.9107154580071288,0.6921437480854179,0.5029118343218543,93,down
P259_2,HALLMARK,PROTEIN_SECRETION,AntiIL5_none - none_none,1,-0.12408156193182675,-0.5432995014294233,93,down,0.1485017027512497,0.029700340550249903,-1.899095350864941,93,down
P259_2,HALLMARK,PROTEIN_SECRETION,none_HRV - none_none,0.2536231884057971,0.3571309421468467,1.3222127653354805,93,up,0.20331773518774668,0.02846448292628451,1.9205185037673143,93,up
P259_2,HALLMARK,REACTIVE_OXYGEN_SPECIES_PATHWAY,AntiIL5_HRV - AntiIL5_none,1,-0.25092306627165895,-0.7546490963553686,49,down,0.8307869548974183,0.5150879120363994,-0.037930032565606,49,up
P259_2,HALLMARK,REACTIVE_OXYGEN_SPECIES_PATHWAY,AntiIL5_HRV - none_HRV,1,0.23064267852524278,0.7317024599286726,49,up,0.7609683635715313,0.31960671270004315,-0.4705022368468807,49,down
P259_2,HALLMARK,REACTIVE_OXYGEN_SPECIES_PATHWAY,AntiIL5_none - none_none,1,0.3024578909131688,0.790632611646775,49,up,0.8283144600250831,0.3179414910397609,-0.47528944197289713,49,down
P259_2,HALLMARK,REACTIVE_OXYGEN_SPECIES_PATHWAY,none_HRV - none_none,0.9615384615384616,-0.24793646610253509,-0.8107045672762617,49,down,0.938376054090732,0.5693790484952402,-0.17530394410153508,49,up
P259_2,HALLMARK,SPERMATOGENESIS,AntiIL5_HRV - AntiIL5_none,0.7082884822389667,-0.3364194813279378,-1.077371648527857,80,down,0.9144365174745568,0.6035281015332075,-0.2629344127683513,80,up
P259_2,HALLMARK,SPERMATOGENESIS,AntiIL5_HRV - none_HRV,0.4917184265010352,-0.33466981162130144,-1.165000253023464,80,down,0.7530060929823492,0.22400032154303054,-0.7608311401604356,80,down
P259_2,HALLMARK,SPERMATOGENESIS,AntiIL5_none - none_none,0.907988216946803,0.36045998865744205,0.9860526847387125,80,up,0.9732081010912685,0.4671398885238089,-0.08259388725682469,80,down
P259_2,HALLMARK,SPERMATOGENESIS,none_HRV - none_none,0.6385869565217391,0.2833201237773789,1.0217699406287002,80,up,0.896614889280699,0.42725282994911185,0.18367358644507342,80,up
P259_2,HALLMARK,TGF_BETA_SIGNALING,AntiIL5_HRV - AntiIL5_none,1,0.17368953455688874,0.6850538035922593,51,up,0.46690181042487533,0.2054367965869452,0.8260969872912066,51,up
P259_2,HALLMARK,TGF_BETA_SIGNALING,AntiIL5_HRV - none_HRV,0.5890652557319224,0.33884431394634007,1.0745700633205537,51,up,0.9109155081067634,0.7771958938985515,0.7657854006477283,51,down
P259_2,HALLMARK,TGF_BETA_SIGNALING,AntiIL5_none - none_none,1,0.24074778157471372,0.6332643639571788,51,up,0.6488984107170538,0.22062545964379826,-0.7734165786817904,51,down
P259_2,HALLMARK,TGF_BETA_SIGNALING,none_HRV - none_none,0.7059971246662559,-0.29509492353304784,-0.9737155091508881,51,down,0.9044266318779715,0.3617706527511886,-0.3547920341366272,51,down
P259_2,HALLMARK,TNFA_SIGNALING_VIA_NFKB,AntiIL5_HRV - AntiIL5_none,3.093448074959728e-4,0.3274205083012719,1.529293765363981,195,up,0.009608694478559587,9.60869447855957e-4,3.1239882615021317,195,up
P259_2,HALLMARK,TNFA_SIGNALING_VIA_NFKB,AntiIL5_HRV - none_HRV,0.4656084656084656,0.29506783035224116,1.1433695439478093,195,up,0.9520361282334285,0.9095087449548198,1.3401448468864259,195,down
P259_2,HALLMARK,TNFA_SIGNALING_VIA_NFKB,AntiIL5_none - none_none,0.185,0.43660344655856437,1.234700893120145,195,up,0.2076244078199247,0.02923499376480481,1.897789592957072,195,up
P259_2,HALLMARK,TNFA_SIGNALING_VIA_NFKB,none_HRV - none_none,1.0207862719331292e-5,0.4570812633323758,1.8604718926681,195,up,0.0018196307954065644,1.0917784772439356e-4,3.7349159614034915,195,up
P259_2,HALLMARK,UNFOLDED_PROTEIN_RESPONSE,AntiIL5_HRV - AntiIL5_none,1.9913256797088729e-4,0.3954729575863508,1.7803565048676153,111,up,0.0019809477358056792,1.5847581886445432e-4,3.663059421584044,111,up
P259_2,HALLMARK,UNFOLDED_PROTEIN_RESPONSE,AntiIL5_HRV - none_HRV,0.4656084656084656,0.32379450759305284,1.167090756211129,111,up,0.9520361282334285,0.9174380219155752,1.3938543331795112,111,down
P259_2,HALLMARK,UNFOLDED_PROTEIN_RESPONSE,AntiIL5_none - none_none,1,0.18548406907326265,0.516503551685159,111,up,0.2720372613747508,0.07483242967903721,-1.44673829448912,111,down
P259_2,HALLMARK,UNFOLDED_PROTEIN_RESPONSE,none_HRV - none_none,0.25811209439528027,0.3263787142984549,1.243006202966293,111,up,0.27363247410940617,0.043781195857504944,1.716455708304308,111,up
P259_2,HALLMARK,UV_RESPONSE_DN,AntiIL5_HRV - AntiIL5_none,0.395666509656147,-0.35235734070419916,-1.1799275400649782,129,down,0.4903989090879625,0.1357981135173762,-1.101773842118573,129,down
P259_2,HALLMARK,UV_RESPONSE_DN,AntiIL5_HRV - none_HRV,0.5182002022244692,0.302846279832786,1.1179136809124584,129,up,0.9109155081067634,0.7940977669997453,0.8220799204931327,129,down
P259_2,HALLMARK,UV_RESPONSE_DN,AntiIL5_none - none_none,0.907988216946803,0.35541256565579155,0.991791709102367,129,up,0.9715578293007887,0.4469166014783628,-0.13359103306878586,129,down
P259_2,HALLMARK,UV_RESPONSE_DN,none_HRV - none_none,0.08875935458511784,-0.37485944159938844,-1.4383017454774398,129,down,0.8855587988028762,0.04911374801363498,-1.6595934426272296,129,down
P259_2,HALLMARK,UV_RESPONSE_UP,AntiIL5_HRV - AntiIL5_none,0.9526312331647067,-0.28466955007575373,-0.9632640056074167,148,down,0.7477341993117771,0.4187311516145951,0.20532267540987414,148,up
P259_2,HALLMARK,UV_RESPONSE_UP,AntiIL5_HRV - none_HRV,0.5890652557319224,-0.27780771879724253,-1.054960287759188,148,down,0.6329001882678182,0.09658582205359832,-1.3043341957066923,148,down
P259_2,HALLMARK,UV_RESPONSE_UP,AntiIL5_none - none_none,0.8486999459918216,0.3683036700041977,1.0315430100912224,148,up,0.6895074660231795,0.31717343437066253,0.47611401511894363,148,up
P259_2,HALLMARK,UV_RESPONSE_UP,none_HRV - none_none,0.41379310344827586,0.28066469490510204,1.1100381313877226,148,up,0.36304530267034735,0.0798699665874764,1.4095762172033626,148,up
P259_2,HALLMARK,WNT_BETA_CATENIN_SIGNALING,AntiIL5_HRV - AntiIL5_none,1,-0.27164323921635203,-0.7840716634032409,38,down,0.7477341993117771,0.41146292437095033,0.22459718298588663,38,up
P259_2,HALLMARK,WNT_BETA_CATENIN_SIGNALING,AntiIL5_HRV - none_HRV,0.26480602598095604,0.5244464841605285,1.5706414996981704,38,up,0.9520361282334285,0.9329954056687599,1.5160429220353187,38,down
P259_2,HALLMARK,WNT_BETA_CATENIN_SIGNALING,AntiIL5_none - none_none,1,0.2700049388453376,0.6833575676272158,38,up,0.7399605822595933,0.26638580961345365,-0.6267200972824243,38,down
P259_2,HALLMARK,WNT_BETA_CATENIN_SIGNALING,none_HRV - none_none,0.2536231884057971,-0.4534766734352571,-1.3942729303388541,38,down,0.8855587988028762,0.0738408403298935,-1.4634789144143858,38,down
P259_2,HALLMARK,XENOBIOTIC_METABOLISM,AntiIL5_HRV - AntiIL5_none,0.4401447785870682,-0.33661299015407864,-1.1432549319520904,159,down,0.6846575222493974,0.21909040711980723,-0.77625950787475,159,down
P259_2,HALLMARK,XENOBIOTIC_METABOLISM,AntiIL5_HRV - none_HRV,1,-0.22003121807955336,-0.8471719930972651,159,down,0.7530060929823492,0.28914213937024075,-0.5565233662946419,159,down
P259_2,HALLMARK,XENOBIOTIC_METABOLISM,AntiIL5_none - none_none,0.3672316384180791,0.4145124403338405,1.1628975516982545,159,up,0.41411736574494185,0.12423520972348248,1.1562057322253432,159,up
P259_2,HALLMARK,XENOBIOTIC_METABOLISM,none_HRV - none_none,0.8977227098032469,0.22932462024165565,0.9106613778870091,159,up,0.808295806188179,0.3218554843125867,0.4629677829375347,159,up
