category,subcategory,group,size.group,size.overlap.category,size.category,Description,size.overlap.term,size.term,k.K,p.adjust,qvalue,ENTREZIDs,SYMBOLs,ENSEMBLIDs
C2,CP:PID,EOSsup,2,1,11688,PID_AR_PATHWAY,1,61,0.01639344262295082,0.005219028062970588,NA,8926,SNURF,ENSG00000273173
C2,CP:REACTOME,AntiIL5,36,24,11688,REACTOME_INTERFERON_ALPHA_BETA_SIGNALING,4,73,0.0547945205479452,0.0023691851688724826,0.00141082304793008,91543/3433/4600/3434,RSAD2/IFIT2/MX2/IFIT1,ENSG00000134321/ENSG00000119922/ENSG00000183486/ENSG00000185745
C2,CP:REACTOME,AntiIL5,36,24,11688,REACTOME_PEPTIDE_LIGAND_BINDING_RECEPTORS,5,198,0.025252525252525252,0.0037957101915010367,0.002260302610277309,6373/5368/3627/3579/553,CXCL11/PNOC/CXCL10/CXCR2/AVPR1B,ENSG00000169248/ENSG00000168081/ENSG00000169245/ENSG00000180871/ENSG00000198049
C2,CP:REACTOME,AntiIL5,36,24,11688,REACTOME_CHEMOKINE_RECEPTORS_BIND_CHEMOKINES,3,58,0.05172413793103448,0.01197902625543112,0.007133375033309359,6373/3627/3579,CXCL11/CXCL10/CXCR2,ENSG00000169248/ENSG00000169245/ENSG00000180871
C2,CP:REACTOME,AntiIL5,36,24,11688,REACTOME_GPCR_LIGAND_BINDING,6,463,0.012958963282937365,0.01197902625543112,0.007133375033309359,6373/5368/3627/3579/8326/553,CXCL11/PNOC/CXCL10/CXCR2/FZD9/AVPR1B,ENSG00000169248/ENSG00000168081/ENSG00000169245/ENSG00000180871/ENSG00000188763/ENSG00000198049
C2,CP:REACTOME,AntiIL5,36,24,11688,REACTOME_CLASS_A_1_RHODOPSIN_LIKE_RECEPTORS,5,331,0.015105740181268883,0.01686921628616568,0.010045428044092647,6373/5368/3627/3579/553,CXCL11/PNOC/CXCL10/CXCR2/AVPR1B,ENSG00000169248/ENSG00000168081/ENSG00000169245/ENSG00000180871/ENSG00000198049
C2,CP:REACTOME,AntiIL5,36,24,11688,REACTOME_INTERFERON_SIGNALING,4,203,0.019704433497536946,0.02084573980342166,0.01241340295060899,91543/3433/4600/3434,RSAD2/IFIT2/MX2/IFIT1,ENSG00000134321/ENSG00000119922/ENSG00000183486/ENSG00000185745
C2,CP:KEGG,AntiIL5,36,24,11688,KEGG_CYTOKINE_CYTOKINE_RECEPTOR_INTERACTION,4,265,0.01509433962264151,0.04798593445380543,0.028575082772491656,6373/3627/3579/8794,CXCL11/CXCL10/CXCR2/TNFRSF10C,ENSG00000169248/ENSG00000169245/ENSG00000180871/ENSG00000173535
C2,CP:PID,AntiIL5,36,24,11688,PID_CXCR3_PATHWAY,2,43,0.046511627906976744,0.062122586690804685,0.03699329974369723,6373/3627,CXCL11/CXCL10,ENSG00000169248/ENSG00000169245
C2,CP:REACTOME,AntiIL5,36,24,11688,REACTOME_G_ALPHA_I_SIGNALLING_EVENTS,4,314,0.012738853503184714,0.062122586690804685,0.03699329974369723,6373/5368/3627/3579,CXCL11/PNOC/CXCL10/CXCR2,ENSG00000169248/ENSG00000168081/ENSG00000169245/ENSG00000180871
C2,CP:REACTOME,AntiIL5,36,24,11688,REACTOME_REPRODUCTION,3,145,0.020689655172413793,0.062122586690804685,0.03699329974369723,8349/8370/7784,H2BC21/H4C14/ZP3,ENSG00000184678/ENSG00000270882/ENSG00000188372
C2,CP:KEGG,AntiIL5,36,24,11688,KEGG_CHEMOKINE_SIGNALING_PATHWAY,3,189,0.015873015873015872,0.07507077074899068,0.04470379731819596,6373/3627/3579,CXCL11/CXCL10/CXCR2,ENSG00000169248/ENSG00000169245/ENSG00000180871
C2,CP:REACTOME,AntiIL5,36,24,11688,REACTOME_ACTIVATED_PKN1_STIMULATES_TRANSCRIPTION_OF_AR_ANDROGEN_RECEPTOR_REGULATED_GENES_KLK2_AND_KLK3,2,67,0.029850746268656716,0.07507077074899068,0.04470379731819596,8349/8370,H2BC21/H4C14,ENSG00000184678/ENSG00000270882
C2,CP:REACTOME,AntiIL5,36,24,11688,REACTOME_BASE_EXCISION_REPAIR_AP_SITE_FORMATION,2,63,0.031746031746031744,0.07507077074899068,0.04470379731819596,8349/8370,H2BC21/H4C14,ENSG00000184678/ENSG00000270882
C2,CP:REACTOME,AntiIL5,36,24,11688,REACTOME_CONDENSATION_OF_PROPHASE_CHROMOSOMES,2,74,0.02702702702702703,0.07507077074899068,0.04470379731819596,8349/8370,H2BC21/H4C14,ENSG00000184678/ENSG00000270882
C2,CP:REACTOME,AntiIL5,36,24,11688,REACTOME_DEPOSITION_OF_NEW_CENPA_CONTAINING_NUCLEOSOMES_AT_THE_CENTROMERE,2,73,0.0273972602739726,0.07507077074899068,0.04470379731819596,8349/8370,H2BC21/H4C14,ENSG00000184678/ENSG00000270882
C2,CP:REACTOME,AntiIL5,36,24,11688,REACTOME_DNA_DAMAGE_TELOMERE_STRESS_INDUCED_SENESCENCE,2,80,0.025,0.07507077074899068,0.04470379731819596,8349/8370,H2BC21/H4C14,ENSG00000184678/ENSG00000270882
C2,CP:REACTOME,AntiIL5,36,24,11688,REACTOME_DNA_DOUBLE_STRAND_BREAK_RESPONSE,2,78,0.02564102564102564,0.07507077074899068,0.04470379731819596,8349/8370,H2BC21/H4C14,ENSG00000184678/ENSG00000270882
C2,CP:REACTOME,AntiIL5,36,24,11688,REACTOME_DNA_METHYLATION,2,65,0.03076923076923077,0.07507077074899068,0.04470379731819596,8349/8370,H2BC21/H4C14,ENSG00000184678/ENSG00000270882
C2,CP:REACTOME,AntiIL5,36,24,11688,REACTOME_ERCC6_CSB_AND_EHMT2_G9A_POSITIVELY_REGULATE_RRNA_EXPRESSION,2,76,0.02631578947368421,0.07507077074899068,0.04470379731819596,8349/8370,H2BC21/H4C14,ENSG00000184678/ENSG00000270882
C2,CP:REACTOME,AntiIL5,36,24,11688,REACTOME_INHIBITION_OF_DNA_RECOMBINATION_AT_TELOMERE,2,68,0.029411764705882353,0.07507077074899068,0.04470379731819596,8349/8370,H2BC21/H4C14,ENSG00000184678/ENSG00000270882
C2,CP:REACTOME,AntiIL5,36,24,11688,REACTOME_MEIOTIC_SYNAPSIS,2,79,0.02531645569620253,0.07507077074899068,0.04470379731819596,8349/8370,H2BC21/H4C14,ENSG00000184678/ENSG00000270882
C2,CP:REACTOME,AntiIL5,36,24,11688,REACTOME_NONHOMOLOGOUS_END_JOINING_NHEJ,2,69,0.028985507246376812,0.07507077074899068,0.04470379731819596,8349/8370,H2BC21/H4C14,ENSG00000184678/ENSG00000270882
C2,CP:REACTOME,AntiIL5,36,24,11688,REACTOME_PRC2_METHYLATES_HISTONES_AND_DNA,2,73,0.0273972602739726,0.07507077074899068,0.04470379731819596,8349/8370,H2BC21/H4C14,ENSG00000184678/ENSG00000270882
C2,CP:REACTOME,AntiIL5,36,24,11688,REACTOME_RECOGNITION_AND_ASSOCIATION_OF_DNA_GLYCOSYLASE_WITH_SITE_CONTAINING_AN_AFFECTED_PURINE,2,56,0.03571428571428571,0.07507077074899068,0.04470379731819596,8349/8370,H2BC21/H4C14,ENSG00000184678/ENSG00000270882
C2,CP:REACTOME,AntiIL5,36,24,11688,REACTOME_SENSORY_PROCESSING_OF_SOUND,2,77,0.025974025974025976,0.07507077074899068,0.04470379731819596,53405/23136,CLIC5/EPB41L3,ENSG00000112782/ENSG00000082397
C2,CP:REACTOME,AntiIL5,36,24,11688,REACTOME_SENSORY_PROCESSING_OF_SOUND_BY_OUTER_HAIR_CELLS_OF_THE_COCHLEA,2,55,0.03636363636363636,0.07507077074899068,0.04470379731819596,53405/23136,CLIC5/EPB41L3,ENSG00000112782/ENSG00000082397
C2,CP:REACTOME,AntiIL5,36,24,11688,REACTOME_SIRT1_NEGATIVELY_REGULATES_RRNA_EXPRESSION,2,68,0.029411764705882353,0.07507077074899068,0.04470379731819596,8349/8370,H2BC21/H4C14,ENSG00000184678/ENSG00000270882
C2,CP:REACTOME,AntiIL5,36,24,11688,REACTOME_ANTIVIRAL_MECHANISM_BY_IFN_STIMULATED_GENES,2,82,0.024390243902439025,0.07588847196863606,0.04519072917230056,4600/3434,MX2/IFIT1,ENSG00000183486/ENSG00000185745
C2,CP:REACTOME,AntiIL5,36,24,11688,REACTOME_B_WICH_COMPLEX_POSITIVELY_REGULATES_RRNA_EXPRESSION,2,91,0.02197802197802198,0.07597192800196015,0.0452404262989116,8349/8370,H2BC21/H4C14,ENSG00000184678/ENSG00000270882
C2,CP:REACTOME,AntiIL5,36,24,11688,REACTOME_BASE_EXCISION_REPAIR,2,91,0.02197802197802198,0.07597192800196015,0.0452404262989116,8349/8370,H2BC21/H4C14,ENSG00000184678/ENSG00000270882
C2,CP:REACTOME,AntiIL5,36,24,11688,REACTOME_FORMATION_OF_THE_BETA_CATENIN_TCF_TRANSACTIVATING_COMPLEX,2,92,0.021739130434782608,0.07597192800196015,0.0452404262989116,8349/8370,H2BC21/H4C14,ENSG00000184678/ENSG00000270882
C2,CP:REACTOME,AntiIL5,36,24,11688,REACTOME_G2_M_DNA_DAMAGE_CHECKPOINT,2,95,0.021052631578947368,0.07597192800196015,0.0452404262989116,8349/8370,H2BC21/H4C14,ENSG00000184678/ENSG00000270882
C2,CP:REACTOME,AntiIL5,36,24,11688,REACTOME_HDACS_DEACETYLATE_HISTONES,2,94,0.02127659574468085,0.07597192800196015,0.0452404262989116,8349/8370,H2BC21/H4C14,ENSG00000184678/ENSG00000270882
C2,CP:REACTOME,AntiIL5,36,24,11688,REACTOME_MEIOTIC_RECOMBINATION,2,87,0.022988505747126436,0.07597192800196015,0.0452404262989116,8349/8370,H2BC21/H4C14,ENSG00000184678/ENSG00000270882
C2,CP:REACTOME,AntiIL5,36,24,11688,REACTOME_RHO_GTPASES_ACTIVATE_PKNS,2,94,0.02127659574468085,0.07597192800196015,0.0452404262989116,8349/8370,H2BC21/H4C14,ENSG00000184678/ENSG00000270882
C2,CP:REACTOME,AntiIL5,36,24,11688,REACTOME_RNA_POLYMERASE_I_PROMOTER_ESCAPE,2,91,0.02197802197802198,0.07597192800196015,0.0452404262989116,8349/8370,H2BC21/H4C14,ENSG00000184678/ENSG00000270882
C2,CP:REACTOME,AntiIL5,36,24,11688,REACTOME_TRANSCRIPTIONAL_REGULATION_OF_GRANULOPOIESIS,2,90,0.022222222222222223,0.07597192800196015,0.0452404262989116,8349/8370,H2BC21/H4C14,ENSG00000184678/ENSG00000270882
C2,CP:REACTOME,AntiIL5,36,24,11688,REACTOME_PROCESSING_OF_DNA_DOUBLE_STRAND_BREAK_ENDS,2,98,0.02040816326530612,0.07643904615409788,0.04551858989025979,8349/8370,H2BC21/H4C14,ENSG00000184678/ENSG00000270882
C2,CP:REACTOME,AntiIL5,36,24,11688,REACTOME_RUNX1_REGULATES_GENES_INVOLVED_IN_MEGAKARYOCYTE_DIFFERENTIATION_AND_PLATELET_FUNCTION,2,98,0.02040816326530612,0.07643904615409788,0.04551858989025979,8349/8370,H2BC21/H4C14,ENSG00000184678/ENSG00000270882
C2,CP:KEGG,AntiIL5,36,24,11688,KEGG_TOLL_LIKE_RECEPTOR_SIGNALING_PATHWAY,2,102,0.0196078431372549,0.07674697466748308,0.045701957847102716,6373/3627,CXCL11/CXCL10,ENSG00000169248/ENSG00000169245
C2,CP:REACTOME,AntiIL5,36,24,11688,REACTOME_AMYLOID_FIBER_FORMATION,2,110,0.01818181818181818,0.07674697466748308,0.045701957847102716,8349/8370,H2BC21/H4C14,ENSG00000184678/ENSG00000270882
C2,CP:REACTOME,AntiIL5,36,24,11688,REACTOME_DISEASES_OF_PROGRAMMED_CELL_DEATH,2,102,0.0196078431372549,0.07674697466748308,0.045701957847102716,8349/8370,H2BC21/H4C14,ENSG00000184678/ENSG00000270882
C2,CP:REACTOME,AntiIL5,36,24,11688,REACTOME_INTERACTION_WITH_CUMULUS_CELLS_AND_THE_ZONA_PELLUCIDA,1,11,0.09090909090909091,0.07674697466748308,0.045701957847102716,7784,ZP3,ENSG00000188372
C2,CP:REACTOME,AntiIL5,36,24,11688,REACTOME_MATURATION_OF_NUCLEOPROTEIN,1,10,0.1,0.07674697466748308,0.045701957847102716,83666,PARP9,ENSG00000138496
C2,CP:REACTOME,AntiIL5,36,24,11688,REACTOME_MRNA_EDITING,1,10,0.1,0.07674697466748308,0.045701957847102716,200315/200315,APOBEC3A/APOBEC3A,ENSG00000128383/ENSG00000262156
C2,CP:REACTOME,AntiIL5,36,24,11688,REACTOME_NEGATIVE_EPIGENETIC_REGULATION_OF_RRNA_EXPRESSION,2,109,0.01834862385321101,0.07674697466748308,0.045701957847102716,8349/8370,H2BC21/H4C14,ENSG00000184678/ENSG00000270882
C2,CP:REACTOME,AntiIL5,36,24,11688,REACTOME_POSITIVE_EPIGENETIC_REGULATION_OF_RRNA_EXPRESSION,2,106,0.018867924528301886,0.07674697466748308,0.045701957847102716,8349/8370,H2BC21/H4C14,ENSG00000184678/ENSG00000270882
C2,CP:REACTOME,AntiIL5,36,24,11688,REACTOME_RNA_POLYMERASE_I_TRANSCRIPTION,2,111,0.018018018018018018,0.07674697466748308,0.045701957847102716,8349/8370,H2BC21/H4C14,ENSG00000184678/ENSG00000270882
C2,CP:REACTOME,AntiIL5,36,24,11688,REACTOME_SENESCENCE_ASSOCIATED_SECRETORY_PHENOTYPE_SASP,2,112,0.017857142857142856,0.07674697466748308,0.045701957847102716,8349/8370,H2BC21/H4C14,ENSG00000184678/ENSG00000270882
C2,CP:REACTOME,AntiIL5,36,24,11688,REACTOME_TELOMERE_MAINTENANCE,2,113,0.017699115044247787,0.07674697466748308,0.045701957847102716,8349/8370,H2BC21/H4C14,ENSG00000184678/ENSG00000270882
C2,CP:REACTOME,AntiIL5,36,24,11688,REACTOME_TRANSCRIPTIONAL_REGULATION_BY_SMALL_RNAS,2,107,0.018691588785046728,0.07674697466748308,0.045701957847102716,8349/8370,H2BC21/H4C14,ENSG00000184678/ENSG00000270882
C2,CP:REACTOME,AntiIL5,36,24,11688,REACTOME_HCMV_LATE_EVENTS,2,116,0.017241379310344827,0.07867138680335635,0.04684792357011896,8349/8370,H2BC21/H4C14,ENSG00000184678/ENSG00000270882
C2,CP:REACTOME,AntiIL5,36,24,11688,REACTOME_MEIOSIS,2,119,0.01680672268907563,0.0792269212317707,0.04717873805681384,8349/8370,H2BC21/H4C14,ENSG00000184678/ENSG00000270882
C2,CP:REACTOME,AntiIL5,36,24,11688,REACTOME_PRE_NOTCH_EXPRESSION_AND_PROCESSING,2,120,0.016666666666666666,0.0792269212317707,0.04717873805681384,8349/8370,H2BC21/H4C14,ENSG00000184678/ENSG00000270882
C2,CP:REACTOME,AntiIL5,36,24,11688,REACTOME_TP53_REGULATES_TRANSCRIPTION_OF_DEATH_RECEPTORS_AND_LIGANDS,1,12,0.08333333333333333,0.0792269212317707,0.04717873805681384,8794,TNFRSF10C,ENSG00000173535
C2,CP:REACTOME,AntiIL5,36,24,11688,REACTOME_ACTIVATION_OF_ANTERIOR_HOX_GENES_IN_HINDBRAIN_DEVELOPMENT_DURING_EARLY_EMBRYOGENESIS,2,122,0.01639344262295082,0.08023913551117987,0.04778150024425147,8349/8370,H2BC21/H4C14,ENSG00000184678/ENSG00000270882
C2,CP:REACTOME,AntiIL5,36,24,11688,REACTOME_PURINE_SALVAGE,1,13,0.07692307692307693,0.08099432330180928,0.04823120605641575,2766,GMPR,ENSG00000137198
C2,CP:REACTOME,AntiIL5,36,24,11688,REACTOME_OXIDATIVE_STRESS_INDUCED_SENESCENCE,2,126,0.015873015873015872,0.08224810743506422,0.04897782036734651,8349/8370,H2BC21/H4C14,ENSG00000184678/ENSG00000270882
C2,CP:REACTOME,AntiIL5,36,24,11688,REACTOME_LGI_ADAM_INTERACTIONS,1,14,0.07142857142857142,0.08418523872535873,0.050131360203371514,163175,LGI4,ENSG00000153902
C2,CP:REACTOME,AntiIL5,36,24,11688,REACTOME_RUNX1_REGULATES_TRANSCRIPTION_OF_GENES_INVOLVED_IN_DIFFERENTIATION_OF_HSCS,2,130,0.015384615384615385,0.0842365050788267,0.05016188873866973,8349/8370,H2BC21/H4C14,ENSG00000184678/ENSG00000270882
C2,CP:KEGG,AntiIL5,36,24,11688,KEGG_SYSTEMIC_LUPUS_ERYTHEMATOSUS,2,139,0.014388489208633094,0.0877676192199865,0.05226462738513482,8349/8370,H2BC21/H4C14,ENSG00000184678/ENSG00000270882
C2,CP:REACTOME,AntiIL5,36,24,11688,REACTOME_CHROMOSOME_MAINTENANCE,2,140,0.014285714285714285,0.0877676192199865,0.05226462738513482,8349/8370,H2BC21/H4C14,ENSG00000184678/ENSG00000270882
C2,CP:REACTOME,AntiIL5,36,24,11688,REACTOME_GENE_SILENCING_BY_RNA,2,140,0.014285714285714285,0.0877676192199865,0.05226462738513482,8349/8370,H2BC21/H4C14,ENSG00000184678/ENSG00000270882
C2,CP:REACTOME,AntiIL5,36,24,11688,REACTOME_HCMV_EARLY_EVENTS,2,138,0.014492753623188406,0.0877676192199865,0.05226462738513482,8349/8370,H2BC21/H4C14,ENSG00000184678/ENSG00000270882
C2,CP:REACTOME,AntiIL5,36,24,11688,REACTOME_HOMOLOGY_DIRECTED_REPAIR,2,138,0.014492753623188406,0.0877676192199865,0.05226462738513482,8349/8370,H2BC21/H4C14,ENSG00000184678/ENSG00000270882
C2,CP:REACTOME,AntiIL5,36,24,11688,REACTOME_REGULATION_OF_GENE_EXPRESSION_IN_LATE_STAGE_BRANCHING_MORPHOGENESIS_PANCREATIC_BUD_PRECURSOR_CELLS,1,16,0.0625,0.0877676192199865,0.05226462738513482,50674,NEUROG3,ENSG00000122859
C2,CP:REACTOME,AntiIL5,36,24,11688,REACTOME_HATS_ACETYLATE_HISTONES,2,142,0.014084507042253521,0.08855988760244835,0.052736414271533145,8349/8370,H2BC21/H4C14,ENSG00000184678/ENSG00000270882
C2,CP:REACTOME,AntiIL5,36,24,11688,REACTOME_MITOTIC_PROPHASE,2,143,0.013986013986013986,0.08855988760244835,0.052736414271533145,8349/8370,H2BC21/H4C14,ENSG00000184678/ENSG00000270882
C2,CP:REACTOME,AntiIL5,36,24,11688,REACTOME_DISEASES_ASSOCIATED_WITH_GLYCOSYLATION_PRECURSOR_BIOSYNTHESIS,1,18,0.05555555555555555,0.09160391134313273,0.054549096078015884,2673,GFPT1,ENSG00000198380
C2,CP:REACTOME,AntiIL5,36,24,11688,REACTOME_EPIGENETIC_REGULATION_OF_GENE_EXPRESSION,2,148,0.013513513513513514,0.09160391134313273,0.054549096078015884,8349/8370,H2BC21/H4C14,ENSG00000184678/ENSG00000270882
C2,CP:REACTOME,AntiIL5,36,24,11688,REACTOME_ESTROGEN_DEPENDENT_GENE_EXPRESSION,2,150,0.013333333333333334,0.092550155603172,0.05511257386294153,8349/8370,H2BC21/H4C14,ENSG00000184678/ENSG00000270882
C2,CP:REACTOME,AntiIL5,36,24,11688,REACTOME_NICOTINAMIDE_SALVAGING,1,19,0.05263157894736842,0.09316482470491694,0.05547860238067235,83666,PARP9,ENSG00000138496
C2,CP:REACTOME,AntiIL5,36,24,11688,REACTOME_HCMV_INFECTION,2,162,0.012345679012345678,0.10349768022660984,0.061631701307875944,8349/8370,H2BC21/H4C14,ENSG00000184678/ENSG00000270882
C2,CP:REACTOME,AntiIL5,36,24,11688,REACTOME_DNA_DOUBLE_STRAND_BREAK_REPAIR,2,167,0.011976047904191617,0.10642507467696499,0.06337493168733555,8349/8370,H2BC21/H4C14,ENSG00000184678/ENSG00000270882
C2,CP:REACTOME,AntiIL5,36,24,11688,REACTOME_G2_M_CHECKPOINTS,2,168,0.011904761904761904,0.10642507467696499,0.06337493168733555,8349/8370,H2BC21/H4C14,ENSG00000184678/ENSG00000270882
C2,CP:REACTOME,AntiIL5,36,24,11688,REACTOME_NUCLEOTIDE_SALVAGE,1,23,0.043478260869565216,0.10642507467696499,0.06337493168733555,2766,GMPR,ENSG00000137198
C2,CP:KEGG,AntiIL5,36,24,11688,KEGG_MATURITY_ONSET_DIABETES_OF_THE_YOUNG,1,25,0.04,0.11395388348827873,0.0678582524230953,50674,NEUROG3,ENSG00000122859
C2,CP:KEGG,AntiIL5,36,24,11688,KEGG_CALCIUM_SIGNALING_PATHWAY,2,178,0.011235955056179775,0.11471767116700034,0.06831307937162728,553/6262,AVPR1B/RYR2,ENSG00000198049/ENSG00000198626
C2,CP:REACTOME,AntiIL5,36,24,11688,REACTOME_FERTILIZATION,1,26,0.038461538461538464,0.11539881312844227,0.06871869172761375,7784,ZP3,ENSG00000188372
C2,CP:BIOCARTA,AntiIL5,36,24,11688,BIOCARTA_NO1_PATHWAY,1,28,0.03571428571428571,0.11805539871557733,0.07030065848326109,6262,RYR2,ENSG00000198626
C2,CP:PID,AntiIL5,36,24,11688,PID_TRAIL_PATHWAY,1,28,0.03571428571428571,0.11805539871557733,0.07030065848326109,8794,TNFRSF10C,ENSG00000173535
C2,CP:PID,AntiIL5,36,24,11688,PID_WNT_SIGNALING_PATHWAY,1,28,0.03571428571428571,0.11805539871557733,0.07030065848326109,8326,FZD9,ENSG00000188763
C2,CP:REACTOME,AntiIL5,36,24,11688,REACTOME_TRANSLATION_OF_SARS_COV_1_STRUCTURAL_PROTEINS,1,28,0.03571428571428571,0.11805539871557733,0.07030065848326109,83666,PARP9,ENSG00000138496
C2,CP:REACTOME,AntiIL5,36,24,11688,REACTOME_CELLULAR_SENESCENCE,2,198,0.010101010101010102,0.12725527685177498,0.07577908215534271,8349/8370,H2BC21/H4C14,ENSG00000184678/ENSG00000270882
C2,CP:REACTOME,AntiIL5,36,24,11688,REACTOME_NICOTINATE_METABOLISM,1,31,0.03225806451612903,0.12725527685177498,0.07577908215534271,83666,PARP9,ENSG00000138496
C2,CP:KEGG,AntiIL5,36,24,11688,KEGG_ALANINE_ASPARTATE_AND_GLUTAMATE_METABOLISM,1,32,0.03125,0.1297061292919311,0.07723853714226271,2673,GFPT1,ENSG00000198380
C2,CP:PID,AntiIL5,36,24,11688,PID_IL8_CXCR2_PATHWAY,1,34,0.029411764705882353,0.1359630405104835,0.0809644572062428,3579,CXCR2,ENSG00000180871
C2,CP:REACTOME,AntiIL5,36,24,11688,REACTOME_ESR_MEDIATED_SIGNALING,2,221,0.00904977375565611,0.14882544369765763,0.0886238732395074,8349/8370,H2BC21/H4C14,ENSG00000184678/ENSG00000270882
C2,CP:KEGG,AntiIL5,36,24,11688,KEGG_AMINO_SUGAR_AND_NUCLEOTIDE_SUGAR_METABOLISM,1,44,0.022727272727272728,0.15791043670897,0.09403388411541673,2673,GFPT1,ENSG00000198380
C2,CP:REACTOME,AntiIL5,36,24,11688,REACTOME_COLLAGEN_CHAIN_TRIMERIZATION,1,44,0.022727272727272728,0.15791043670897,0.09403388411541673,1293,COL6A3,ENSG00000163359
C2,CP:REACTOME,AntiIL5,36,24,11688,REACTOME_NCAM1_INTERACTIONS,1,42,0.023809523809523808,0.15791043670897,0.09403388411541673,1293,COL6A3,ENSG00000163359
C2,CP:REACTOME,AntiIL5,36,24,11688,REACTOME_REGULATION_OF_BETA_CELL_DEVELOPMENT,1,42,0.023809523809523808,0.15791043670897,0.09403388411541673,50674,NEUROG3,ENSG00000122859
C2,CP:REACTOME,AntiIL5,36,24,11688,REACTOME_TCF_DEPENDENT_SIGNALING_IN_RESPONSE_TO_WNT,2,234,0.008547008547008548,0.15791043670897,0.09403388411541673,8349/8370,H2BC21/H4C14,ENSG00000184678/ENSG00000270882
C2,CP:REACTOME,AntiIL5,36,24,11688,REACTOME_TP53_REGULATES_TRANSCRIPTION_OF_CELL_DEATH_GENES,1,44,0.022727272727272728,0.15791043670897,0.09403388411541673,8794,TNFRSF10C,ENSG00000173535
C2,CP:REACTOME,AntiIL5,36,24,11688,REACTOME_TRANSCRIPTIONAL_REGULATION_BY_RUNX1,2,239,0.008368200836820083,0.15791043670897,0.09403388411541673,8349/8370,H2BC21/H4C14,ENSG00000184678/ENSG00000270882
C2,CP:REACTOME,AntiIL5,36,24,11688,REACTOME_TRANSLATION_OF_SARS_COV_2_STRUCTURAL_PROTEINS,1,44,0.022727272727272728,0.15791043670897,0.09403388411541673,83666,PARP9,ENSG00000138496
C2,CP:PID,AntiIL5,36,24,11688,PID_SYNDECAN_1_PATHWAY,1,46,0.021739130434782608,0.16013880815675646,0.09536085418056475,1293,COL6A3,ENSG00000163359
C2,CP:REACTOME,AntiIL5,36,24,11688,REACTOME_INTERLEUKIN_10_SIGNALING,1,46,0.021739130434782608,0.16013880815675646,0.09536085418056475,3627,CXCL10,ENSG00000169245
C2,CP:REACTOME,AntiIL5,36,24,11688,REACTOME_SIGNALING_BY_NOTCH,2,247,0.008097165991902834,0.16013880815675646,0.09536085418056475,8349/8370,H2BC21/H4C14,ENSG00000184678/ENSG00000270882
C2,CP:PID,AntiIL5,36,24,11688,PID_HES_HEY_PATHWAY,1,48,0.020833333333333332,0.16473322052226386,0.0980967749275436,50674,NEUROG3,ENSG00000122859
C2,CP:REACTOME,AntiIL5,36,24,11688,REACTOME_HDMS_DEMETHYLATE_HISTONES,1,50,0.02,0.16627567379267372,0.09901528845398316,8370,H4C14,ENSG00000270882
C2,CP:REACTOME,AntiIL5,36,24,11688,REACTOME_IRE1ALPHA_ACTIVATES_CHAPERONES,1,50,0.02,0.16627567379267372,0.09901528845398316,2673,GFPT1,ENSG00000198380
C2,CP:REACTOME,AntiIL5,36,24,11688,REACTOME_SARS_COV_1_INFECTION,1,50,0.02,0.16627567379267372,0.09901528845398316,83666,PARP9,ENSG00000138496
C2,CP:KEGG,AntiIL5,36,24,11688,KEGG_BASAL_CELL_CARCINOMA,1,55,0.01818181818181818,0.1764799531347244,0.1050918217163171,8326,FZD9,ENSG00000188763
C2,CP:KEGG,AntiIL5,36,24,11688,KEGG_CYTOSOLIC_DNA_SENSING_PATHWAY,1,55,0.01818181818181818,0.1764799531347244,0.1050918217163171,3627,CXCL10,ENSG00000169245
C2,CP:REACTOME,AntiIL5,36,24,11688,REACTOME_CHROMATIN_MODIFYING_ENZYMES,2,274,0.0072992700729927005,0.1764799531347244,0.1050918217163171,8349/8370,H2BC21/H4C14,ENSG00000184678/ENSG00000270882
C2,CP:REACTOME,AntiIL5,36,24,11688,REACTOME_ION_HOMEOSTASIS,1,54,0.018518518518518517,0.1764799531347244,0.1050918217163171,6262,RYR2,ENSG00000198626
C2,CP:REACTOME,AntiIL5,36,24,11688,REACTOME_NEUREXINS_AND_NEUROLIGINS,1,56,0.017857142857142856,0.17657572037293112,0.10514885002658755,23136,EPB41L3,ENSG00000082397
C2,CP:REACTOME,AntiIL5,36,24,11688,REACTOME_SIGNALING_BY_PDGF,1,58,0.017241379310344827,0.1808531505198984,0.1076960114374132,1293,COL6A3,ENSG00000163359
C2,CP:REACTOME,AntiIL5,36,24,11688,REACTOME_ASSEMBLY_OF_COLLAGEN_FIBRILS_AND_OTHER_MULTIMERIC_STRUCTURES,1,61,0.01639344262295082,0.18793143005127083,0.11191104706812519,1293,COL6A3,ENSG00000163359
C2,CP:REACTOME,AntiIL5,36,24,11688,REACTOME_CELL_CYCLE_CHECKPOINTS,2,292,0.00684931506849315,0.18805424833294943,0.11198418396969619,8349/8370,H2BC21/H4C14,ENSG00000184678/ENSG00000270882
C2,CP:REACTOME,AntiIL5,36,24,11688,REACTOME_COLLAGEN_DEGRADATION,1,64,0.015625,0.18805424833294943,0.11198418396969619,1293,COL6A3,ENSG00000163359
C2,CP:REACTOME,AntiIL5,36,24,11688,REACTOME_NCAM_SIGNALING_FOR_NEURITE_OUT_GROWTH,1,63,0.015873015873015872,0.18805424833294943,0.11198418396969619,1293,COL6A3,ENSG00000163359
C2,CP:REACTOME,AntiIL5,36,24,11688,REACTOME_SIGNALING_BY_NUCLEAR_RECEPTORS,2,297,0.006734006734006734,0.18805424833294943,0.11198418396969619,8349/8370,H2BC21/H4C14,ENSG00000184678/ENSG00000270882
C2,CP:REACTOME,AntiIL5,36,24,11688,REACTOME_SYNTHESIS_OF_SUBSTRATES_IN_N_GLYCAN_BIOSYTHESIS,1,63,0.015873015873015872,0.18805424833294943,0.11198418396969619,2673,GFPT1,ENSG00000198380
C2,CP:PID,AntiIL5,36,24,11688,PID_INTEGRIN1_PATHWAY,1,66,0.015151515151515152,0.1913082149691437,0.11392188440267804,1293,COL6A3,ENSG00000163359
C2,CP:REACTOME,AntiIL5,36,24,11688,REACTOME_COLLAGEN_BIOSYNTHESIS_AND_MODIFYING_ENZYMES,1,67,0.014925373134328358,0.1913082149691437,0.11392188440267804,1293,COL6A3,ENSG00000163359
C2,CP:REACTOME,AntiIL5,36,24,11688,REACTOME_SARS_COV_2_INFECTION,1,67,0.014925373134328358,0.1913082149691437,0.11392188440267804,83666,PARP9,ENSG00000138496
C2,CP:KEGG,AntiIL5,36,24,11688,KEGG_EPITHELIAL_CELL_SIGNALING_IN_HELICOBACTER_PYLORI_INFECTION,1,68,0.014705882352941176,0.19234590634722015,0.11453981791503634,3579,CXCR2,ENSG00000180871
C2,CP:KEGG,AntiIL5,36,24,11688,KEGG_RIG_I_LIKE_RECEPTOR_SIGNALING_PATHWAY,1,71,0.014084507042253521,0.19532630760554637,0.11631461325082161,3627,CXCL10,ENSG00000169245
C2,CP:REACTOME,AntiIL5,36,24,11688,REACTOME_PKMTS_METHYLATE_HISTONE_LYSINES,1,71,0.014084507042253521,0.19532630760554637,0.11631461325082161,8370,H4C14,ENSG00000270882
C2,CP:REACTOME,AntiIL5,36,24,11688,REACTOME_SUMOYLATION_OF_CHROMATIN_ORGANIZATION_PROTEINS,1,71,0.014084507042253521,0.19532630760554637,0.11631461325082161,8370,H4C14,ENSG00000270882
C2,CP:KEGG,AntiIL5,36,24,11688,KEGG_ARRHYTHMOGENIC_RIGHT_VENTRICULAR_CARDIOMYOPATHY_ARVC,1,74,0.013513513513513514,0.1988751137623676,0.11842788729307906,6262,RYR2,ENSG00000198626
C2,CP:PID,AntiIL5,36,24,11688,PID_AVB3_INTEGRIN_PATHWAY,1,74,0.013513513513513514,0.1988751137623676,0.11842788729307906,1293,COL6A3,ENSG00000163359
C2,CP:REACTOME,AntiIL5,36,24,11688,REACTOME_RHO_GTPASE_EFFECTORS,2,324,0.006172839506172839,0.1988751137623676,0.11842788729307906,8349/8370,H2BC21/H4C14,ENSG00000184678/ENSG00000270882
C2,CP:KEGG,AntiIL5,36,24,11688,KEGG_CARDIAC_MUSCLE_CONTRACTION,1,79,0.012658227848101266,0.20084752754613097,0.11960243745604192,6262,RYR2,ENSG00000198626
C2,CP:REACTOME,AntiIL5,36,24,11688,REACTOME_BIOSYNTHESIS_OF_THE_N_GLYCAN_PRECURSOR_DOLICHOL_LIPID_LINKED_OLIGOSACCHARIDE_LLO_AND_TRANSFER_TO_A_NASCENT_PROTEIN,1,78,0.01282051282051282,0.20084752754613097,0.11960243745604192,2673,GFPT1,ENSG00000198380
C2,CP:REACTOME,AntiIL5,36,24,11688,REACTOME_DNA_REPAIR,2,332,0.006024096385542169,0.20084752754613097,0.11960243745604192,8349/8370,H2BC21/H4C14,ENSG00000184678/ENSG00000270882
C2,CP:REACTOME,AntiIL5,36,24,11688,REACTOME_ECM_PROTEOGLYCANS,1,76,0.013157894736842105,0.20084752754613097,0.11960243745604192,1293,COL6A3,ENSG00000163359
C2,CP:REACTOME,AntiIL5,36,24,11688,REACTOME_RMTS_METHYLATE_HISTONE_ARGININES,1,79,0.012658227848101266,0.20084752754613097,0.11960243745604192,8370,H4C14,ENSG00000270882
C2,CP:REACTOME,AntiIL5,36,24,11688,REACTOME_SIGNALING_BY_WNT,2,331,0.006042296072507553,0.20084752754613097,0.11960243745604192,8349/8370,H2BC21/H4C14,ENSG00000184678/ENSG00000270882
C2,CP:KEGG,AntiIL5,36,24,11688,KEGG_HYPERTROPHIC_CARDIOMYOPATHY_HCM,1,83,0.012048192771084338,0.208613271027244,0.12422685011547162,6262,RYR2,ENSG00000198626
C2,CP:KEGG,AntiIL5,36,24,11688,KEGG_ECM_RECEPTOR_INTERACTION,1,84,0.011904761904761904,0.20933771644525762,0.12465824919146166,1293,COL6A3,ENSG00000163359
C2,CP:REACTOME,AntiIL5,36,24,11688,REACTOME_INTEGRIN_CELL_SURFACE_INTERACTIONS,1,85,0.011764705882352941,0.21004683833032314,0.12508052327640293,1293,COL6A3,ENSG00000163359
C2,CP:KEGG,AntiIL5,36,24,11688,KEGG_APOPTOSIS,1,87,0.011494252873563218,0.2114204972715611,0.12589852168351606,8794,TNFRSF10C,ENSG00000173535
C2,CP:REACTOME,AntiIL5,36,24,11688,REACTOME_PROTEIN_PROTEIN_INTERACTIONS_AT_SYNAPSES,1,87,0.011494252873563218,0.2114204972715611,0.12589852168351606,23136,EPB41L3,ENSG00000082397
C2,CP:KEGG,AntiIL5,36,24,11688,KEGG_DILATED_CARDIOMYOPATHY,1,90,0.011111111111111112,0.2149206498818909,0.1279828230875621,6262,RYR2,ENSG00000198626
C2,CP:REACTOME,AntiIL5,36,24,11688,REACTOME_COLLAGEN_FORMATION,1,90,0.011111111111111112,0.2149206498818909,0.1279828230875621,1293,COL6A3,ENSG00000163359
C2,CP:REACTOME,AntiIL5,36,24,11688,REACTOME_UNFOLDED_PROTEIN_RESPONSE_UPR,1,92,0.010869565217391304,0.21769760963070528,0.12963647129888617,2673,GFPT1,ENSG00000198380
C2,CP:REACTOME,AntiIL5,36,24,11688,REACTOME_CLASS_B_2_SECRETIN_FAMILY_RECEPTORS,1,94,0.010638297872340425,0.2204178884633444,0.1312563666638863,8326,FZD9,ENSG00000188763
C2,CP:REACTOME,AntiIL5,36,24,11688,REACTOME_METABOLISM_OF_NUCLEOTIDES,1,98,0.01020408163265306,0.2272941101620436,0.13535107913408911,2766,GMPR,ENSG00000137198
C2,CP:REACTOME,AntiIL5,36,24,11688,REACTOME_SLC_TRANSPORTER_DISORDERS,1,99,0.010101010101010102,0.2277780739934387,0.13563927413744623,553,AVPR1B,ENSG00000198049
C2,CP:KEGG,AntiIL5,36,24,11688,KEGG_MELANOGENESIS,1,101,0.009900990099009901,0.23031300076181704,0.13714879443861586,8326,FZD9,ENSG00000188763
C2,CP:REACTOME,AntiIL5,36,24,11688,REACTOME_STIMULI_SENSING_CHANNELS,1,106,0.009433962264150943,0.23889040278131957,0.14225654060361287,6262,RYR2,ENSG00000198626
C2,CP:KEGG,AntiIL5,36,24,11688,KEGG_VASCULAR_SMOOTH_MUSCLE_CONTRACTION,1,115,0.008695652173913044,0.253435708711629,0.15091810624030844,553,AVPR1B,ENSG00000198049
C2,CP:REACTOME,AntiIL5,36,24,11688,REACTOME_M_PHASE,2,417,0.004796163069544364,0.253435708711629,0.15091810624030844,8349/8370,H2BC21/H4C14,ENSG00000184678/ENSG00000270882
C2,CP:REACTOME,AntiIL5,36,24,11688,REACTOME_METABOLISM_OF_WATER_SOLUBLE_VITAMINS_AND_COFACTORS,1,123,0.008130081300813009,0.2671781470964495,0.1591015733085624,83666,PARP9,ENSG00000138496
C2,CP:REACTOME,AntiIL5,36,24,11688,REACTOME_CARDIAC_CONDUCTION,1,127,0.007874015748031496,0.27296263406690724,0.16254617006089514,6262,RYR2,ENSG00000198626
C2,CP:KEGG,AntiIL5,36,24,11688,KEGG_TIGHT_JUNCTION,1,132,0.007575757575757576,0.28047011927121246,0.16701679282917314,23136,EPB41L3,ENSG00000082397
C2,CP:KEGG,AntiIL5,36,24,11688,KEGG_NATURAL_KILLER_CELL_MEDIATED_CYTOTOXICITY,1,137,0.0072992700729927005,0.28587968461388974,0.170238127980602,8794,TNFRSF10C,ENSG00000173535
C2,CP:PID,AntiIL5,36,24,11688,PID_P53_DOWNSTREAM_PATHWAY,1,137,0.0072992700729927005,0.28587968461388974,0.170238127980602,8794,TNFRSF10C,ENSG00000173535
C2,CP:REACTOME,AntiIL5,36,24,11688,REACTOME_DEGRADATION_OF_THE_EXTRACELLULAR_MATRIX,1,140,0.007142857142857143,0.28939432118155095,0.17233105441788596,1293,COL6A3,ENSG00000163359
C2,CP:REACTOME,AntiIL5,36,24,11688,REACTOME_DISEASES_OF_GLYCOSYLATION,1,143,0.006993006993006993,0.2928310512573934,0.17437758841793652,2673,GFPT1,ENSG00000198380
C2,CP:REACTOME,AntiIL5,36,24,11688,REACTOME_SARS_COV_INFECTIONS,1,146,0.00684931506849315,0.29619157368022675,0.17637874162010495,83666,PARP9,ENSG00000138496
C2,CP:KEGG,AntiIL5,36,24,11688,KEGG_WNT_SIGNALING_PATHWAY,1,151,0.006622516556291391,0.30292488962590064,0.1803883553261002,8326,FZD9,ENSG00000188763
C2,CP:KEGG,AntiIL5,36,24,11688,KEGG_PURINE_METABOLISM,1,159,0.006289308176100629,0.3145481430777929,0.18730987166737742,2766,GMPR,ENSG00000137198
C2,CP:REACTOME,AntiIL5,36,24,11688,REACTOME_DISORDERS_OF_TRANSMEMBRANE_TRANSPORTERS,1,176,0.005681818181818182,0.34048158971592324,0.20275294665790317,553,AVPR1B,ENSG00000198049
C2,CP:KEGG,AntiIL5,36,24,11688,KEGG_ENDOCYTOSIS,1,181,0.0055248618784530384,0.346313439660763,0.20622574752731154,3579,CXCR2,ENSG00000180871
C2,CP:REACTOME,AntiIL5,36,24,11688,REACTOME_ION_CHANNEL_TRANSPORT,1,183,0.00546448087431694,0.34728783128089435,0.20680598674772055,6262,RYR2,ENSG00000198626
C2,CP:REACTOME,AntiIL5,36,24,11688,REACTOME_SUMOYLATION,1,187,0.0053475935828877,0.3513453122635787,0.20922217091184536,8370,H4C14,ENSG00000270882
C2,CP:REACTOME,AntiIL5,36,24,11688,REACTOME_METABOLISM_OF_VITAMINS_AND_COFACTORS,1,189,0.005291005291005291,0.35223918209043725,0.20975446031250097,83666,PARP9,ENSG00000138496
C2,CP:REACTOME,AntiIL5,36,24,11688,REACTOME_MUSCLE_CONTRACTION,1,195,0.005128205128205128,0.359163199228386,0.21387763442773067,6262,RYR2,ENSG00000198626
C2,CP:KEGG,AntiIL5,36,24,11688,KEGG_FOCAL_ADHESION,1,199,0.005025125628140704,0.36292799173520585,0.21611952590547598,1293,COL6A3,ENSG00000163359
C2,CP:REACTOME,AntiIL5,36,24,11688,REACTOME_G_ALPHA_Q_SIGNALLING_EVENTS,1,216,0.004629629629629629,0.3854014227477146,0.22950220061367663,553,AVPR1B,ENSG00000198049
C2,CP:REACTOME,AntiIL5,36,24,11688,REACTOME_UB_SPECIFIC_PROCESSING_PROTEASES,1,221,0.004524886877828055,0.39012453309141815,0.23231475955519035,8349,H2BC21,ENSG00000184678
C2,CP:REACTOME,AntiIL5,36,24,11688,REACTOME_DISEASES_OF_METABOLISM,1,246,0.0040650406504065045,0.42181820191524694,0.25118798189238767,2673,GFPT1,ENSG00000198380
C2,CP:KEGG,AntiIL5,36,24,11688,KEGG_NEUROACTIVE_LIGAND_RECEPTOR_INTERACTION,1,272,0.003676470588235294,0.452725916688034,0.2695931774563331,553,AVPR1B,ENSG00000198049
C2,CP:REACTOME,AntiIL5,36,24,11688,REACTOME_DEUBIQUITINATION,1,298,0.003355704697986577,0.4815679285302821,0.2867682702225439,8349,H2BC21,ENSG00000184678
C2,CP:REACTOME,AntiIL5,36,24,11688,REACTOME_EXTRACELLULAR_MATRIX_ORGANIZATION,1,301,0.0033222591362126247,0.4822309322404076,0.28716308145443825,1293,COL6A3,ENSG00000163359
C2,CP:REACTOME,AntiIL5,36,24,11688,REACTOME_ASPARAGINE_N_LINKED_GLYCOSYLATION,1,305,0.003278688524590164,0.4840172614787584,0.2882268203693058,2673,GFPT1,ENSG00000198380
C2,CP:KEGG,AntiIL5,36,24,11688,KEGG_PATHWAYS_IN_CANCER,1,325,0.003076923076923077,0.5036166685507725,0.2998980462347457,8326,FZD9,ENSG00000188763
C2,CP:REACTOME,AntiIL5,36,24,11688,REACTOME_TRANSCRIPTIONAL_REGULATION_BY_TP53,1,363,0.0027548209366391185,0.5406458387923205,0.32194849949136684,8794,TNFRSF10C,ENSG00000173535
C2,CP:REACTOME,AntiIL5,36,24,11688,REACTOME_NEURONAL_SYSTEM,1,410,0.0024390243902439024,0.5825936707174935,0.34692796030695844,23136,EPB41L3,ENSG00000082397
C2,CP:REACTOME,AntiIL5,36,24,11688,REACTOME_SIGNALING_BY_INTERLEUKINS,1,463,0.0021598272138228943,0.6248806610186052,0.3721093861103273,3627,CXCL10,ENSG00000169245
C2,CP:REACTOME,AntiIL5,36,24,11688,REACTOME_NEUTROPHIL_DEGRANULATION,1,479,0.0020876826722338203,0.6340673683964244,0.37757996674433697,3579,CXCR2,ENSG00000180871
